id,full_name,email,city,signup_date,phone
1736,Hıfzullah Tartış Akça Yorulmaz,@domain.com,  Antalya ,16.02.2024,0 262 084 6729
1232,Burcuhan Permun Akça Karadeniz,necdatdemir@example.net,BURSA,31.01.2025,0 632 123 4764
1400,Sevcan Yılmaz Soylu,xsafak@example.org,Konya,05.12.2022,1205943897
1996,Ergün Gül,raslan@example.org,istanbul,12.10.2021,(423) 300-8056
1616,  Abdülkerim Boynak Bilge   ,zinonu@example.net,Ankara,03.01.2026,(071) 732-7980
1559,  Alize Mansız   ,durgadin44@example.org,BURSA,13.06.2021,9340153641
1635,Öğr. Emine. Ürper Şafak Gülen,ustun33@example.com,  Istanbul ,06.06.2021,+907221425731
1209,Vafir Gül,nakca@example.org,Ankara,16.03.2023,5701658046
1689,  Karcan Sezgin   ,ogurata16@example.org,KONYA,02.08.2021,(880) 273-0427
1442,Bay Toy İhsanoğlu,hgul@example.com,antalya,09.11.2021,(264) 712-4633
1017,Öğr. Işın İnönü Yüksel,gulder73@example.com,IZMIR,12.08.2023,(658) 760-3669
1444,Canseven Fehmiye Tevetoğlu Arsoy,araldemirel@example.org,bursa,13.12.2023,0 295 786 7181
2024,  Çev. Akgüneş Zubeyde Zengin   ,yilmazmenguc@example.net,antalya,19.08.2021,5979531926
1362,Sidki Nebih İhsanoğlu Çamurcuoğlu,serda00@example.com,ADANA,09.07.2023,9918724010
1764,Okt. Berrin Şendoğan Erdoğan,csener@example.net,  Istanbul ,14/03/2024,+909185805581
1899,Prof. Şide Durmuş,gecersiz_email,ISTANBUL,28.09.2025,(471) 883-0099
1005,  Teber Gençay Karadeniz Şener   ,goksevarsoy@example.org,Adana,10.02.2024,2782489638
1751,Arş. Gör. Oğulbaş Zoral Öcalan,sevla30@example.net,Izmir,23.02.2022,+909016492815
1964,Öğr. Günkurt Abdülkerim Türk,feremeztevetoglu@example.net,  Bursa ,29.06.2021,4042316979
1279,  Doç. Seracettin Sakarya   ,csezer@example.org,  Izmir ,03.11.2025,0 672 438 0701
1754,Enginiz Mansız,ertasbaris@example.net,  Istanbul ,14.03.2025,00120424253
1867,Abid Özbilek Akça,msener@example.org,ISTANBUL,12.02.2026,(144) 695-6740
1205,Baturay Fırat,mansizyilmaz@example.net,  Antalya ,14.12.2023,5970108220
1761,Tayyip Ermutlu Durmuş Akçay,kyaman@example.net,Antalya,08.01.2026,01869572404
1270,Akmaral Beray Ergül Yıldırım,mancosecme@example.com,Adana,21.05.2022,+902410261534
1504,Melikkan Çorlu,gunkurtmansiz@example.com,Ankara,26.02.2026,07769366343
1777,Dirican Durdu,qarslan@example.org,Ankara,05.05.2022,+908520232091
1115,Yrd. Doç. Bitül Gülenay Dumanlı,uzerkoruturk@example.com,Adana,32/13/2023,(030) 705-3457
1904,Bilkay Sezgin,abdulkadirinonu@example.com,  Istanbul ,17.08.2024,0 444 394 6896
1772,Aliabbas Taşar Demirel,iturk@example.com,ANTALYA,27.02.2023,01808189655
1415,Ergener İnönü,rtevetoglu@example.com,ANKARA,27.07.2024,0 705 877 2216
1571,,ncorlu@example.net,Konya,19.05.2024,+902019111661
1775,  Yrd. Doç. Günver Gökten Dumanlı   ,barak64@example.net,Adana,20.02.2025,+909365618335
1845,Karaer Demir,zerafet07@example.org,Konya,06.06.2022,0 706 363 2863
1058,Okt. Yankı Bilgin,gulbani41@example.com,KONYA,24.05.2022,01094396907
1942,  Av. Ufukay Boğatimur Kısakürek   ,sernur56@example.com,  Ankara ,27.06.2024,(342) 519-7018
ABC1465,  Arş. Gör. Oktüremiş Übeydullah Bilir   ,asoylu@example.com,IZMIR,27.07.2024,+907107563353
1541,Uygun Ertaş,hayrioglumazlum@example.org,  Antalya ,06.03.2026,08293844013
1587,,kmanco@example.com,  Istanbul ,,09062467287
1693,Tanhan Türk,aynimah72@example.org,  Antalya ,,1097941224
1620,Kasim Hayrioğlu,erkilic62@example.com,Antalya,10/12/2021,+900530886843
1576,Prof. Meveddet Basriye Arsoy,rzengin@example.com,antalya,10.04.2023,00801810306
1607,Anargül Sezer Tevetoğlu,ergonulyildirim@example.org,ADANA,28.01.2022,0 175 585 1777
2050,Kadınana Gülay Çorlu,soyluyigit@example.org,Izmir,14.05.2023,00155799802
1858,İdiris Ülker,@domain.com,ANTALYA,22.04.2025,0860146051
1853,Abdülahat Duran,gecersiz_email,Istanbul,10.08.2024,(863) 090-0712
1746,Altuğ Bilgütay Dumanlı,sihsanoglu@example.org,ANKARA,18.04.2024,0503374698
1687,Belgizar Akçay Şama,ybilir@example.com,Adana,10.02.2022,(615) 473-1566
1068,Nevsal Hayrioğlu,nevsal@,ANTALYA,04.08.2022,0 841 459 3327
1060,Aytek Yorulmaz,oge96@example.org,  Antalya ,24.03.2026,(873) 395-0047
1513,Çoğay Musafet Şama Demir,hzorlu@example.com,bursa,02.10.2024,5288375056
2004,  Av. Ufukay Boğatimur Kısakürek   ,sernur56@example.com,  Ankara ,27.06.2024,(342) 519-7018
1774,Öğr. Alize Emal Akar,bagdas58@example.com,bursa,19.07.2021,+907905224413
1889,Doç. Çağdan Seven,sevennafile@example.com,antalya,16.06.2024,+900130716753
1992,Öğr. Bidayet Yekbun Gül,gecersiz_email,Antalya,26.10.2023,0 991 676 4032
1471,Toktuğ Şanlı Sezer,cevaleturk@example.org,adana,05.07.2022,0 103 903 3970
1720,Arş. Gör. Canur Şama Arsoy,gokcil60@example.net,konya,22.06.2025,(710) 730-8715
1538,Haciali Özakan Seven Demir,naidefirat@example.org,Istanbul,20.08.2022,6595201491
1425,  Tulun Şensoy   ,gecersiz_email,  Adana ,04.03.2026,0 934 596 2622
1699,  Dilfeza Nursim Türk Yaman   ,sakaryamecide@example.net,Antalya,bilinmiyor,+906008844740
1446,Feza Akça,bgulen@example.com,Izmir,28.10.2021,01499825080
1266,  Okt. İsmet Alparslan Alemdar   ,gulbiye31@example.net,  Ankara ,05.07.2024,09611080466
1847,  Sebigül Şahıgül Yaman   ,durmuszihni@example.com,bursa,24.10.2022,0 546 175 8080
2033,  Arş. Gör. Oktüremiş Übeydullah Bilir   ,asoylu@example.com,IZMIR,27.07.2024,+907107563353
1981,Çev. Aslanhan Fami Çorlu,berkifirat@example.org,izmir,19.12.2021,6094067148
1795,Zümre Zorlu,nseven@examplenet,Izmir,11.07.2021,0 188 129 8861
1563,Yrd. Doç. Topuz Ekmel Erdoğan,erogulsensoy@example.org,  Antalya ,30.05.2025,04889669972
1083,Ginyas Hayrioğlu,ceyhunhayrioglu@example.org,  Antalya ,28.03.2026,0 807 374 1672
1052,Kibar Bilge,oturk@example.com,antalya,27.04.2026,(772) 217-0430
1322,,nyuksel@example.org,ankara,10.09.2021,02521310962
1331,Fildan Gülmisal Ergül,eguclu@example.net,  Ankara ,09.11.2024,02727516480
1721,Kandef İnönü Şensoy,pduran@example.org,ANTALYA,27.10.2023,+905726029254
1558,Utkucan Tarhan,karaer85@examplenet,  Izmir ,12.05.2026,(186) 550-7846
1136,Çakar Tarhan,alcanertas@example.net,ANTALYA,27.01.2023,(506) 180-9190
1077,Oranlı Ertaş,baykan99@example.com,Adana,16.09.2024,1182339845
1293,Selvi Bilgin,vgulen@example.net,istanbul,20.05.2025,0 487 271 7833
,Öğr. İzel Çilga Durdu Bilir,iergul@example.net,  Ankara ,09-12-2022,2589632174
1061,Çev. Zehranur Yılmaz Akdeniz,safakertun@example.com,Bursa,19.01.2025,+906878499121
1097,Yrd. Doç. Şennur Azade Hançer Ülker,enesyilmaz@example.net,Antalya,05.02.2022,04814917785
1509,,gecersiz_email,ADANA,15.08.2021,0 501 783 3258
1936,Odkanlı Alsoy Ertaş,ertenduran@example.net,Konya,bilinmiyor,02749366357
1767,  Okt. Yertan Ledün Yaman   ,baliihsanoglu@example.org,Antalya,09.06.2024,1991843113
1650,Okt. Pekkan Neriban Fırat Demirel,vakar@example.net,Ankara,06.02.2023,3113885034
1294,Cabir İnönü,sakaryaalabezek@example.net,  Istanbul ,23.07.2021,0 156 686 3341
2028,Meleknur Gülen Çamurcuoğlu,hacileyorulmaz@example.com,Adana,31.01.2023,0 908 551 0740
,Dr. Ruhugül Deha Şafak Yıldırım,ocalannurdeniz@example.com,KONYA,18.04.2026,0 076 810 2480
1791,Doç. Kerime Yasemen Gül,kosukhanyilmaz@example.net,Adana,09.01.2024,00586942767
1006,Yayak Hançer,pulker@example.com,Konya,09.08.2023,+905183473829
1100,Uz. Abdurrahman Kürşad Yıldırım,halenurergul@example.net,Adana,11.08.2025,+900386571918
1306,Tamaydın Muhyettin Aksu,hicsonmezerdogan@example.com,Ankara,11.08.2025,(096) 348-0797
1264,Tuğcan Korutürk,bedrizengin@example.org,istanbul,21.02.2025,05664187758
1697,Dr. Akar Sezgin,temirhan46@example.org,istanbul,29.05.2026,4422521602
2037,Av. Sehel Seven Durmuş,ilmaferakcay@example.net,Adana,26/04/2024,0 253 892 1878
1150,Prof. Heva İnönü Şama,dtarhan@example.net,izmir,21.09.2025,0 518 275 5394
1735,Yrd. Doç. Egenur Nurdeniz Sezer Korutürk,erogul21@example.net,  Bursa ,21.02.2024,0 933 329 9865
1793,Emin Yaman,jgul@example.org,istanbul,06.09.2024,04870847795
1685,  İldem Yıldırım   ,diricandumanli@example.com,Konya,32/13/2023,7053260119
1434,Av. Şenkal Tümer Soylu,dseven@example.net,Konya,09.12.2021,3964178996
1358,,ozerdinc17@examplecom,ISTANBUL,24.03.2026,(231) 177-5331
1547,Yrd. Doç. Paksu Oluş Erdoğan,demirongen@example.net,Bursa,04.06.2022,+901507628397
1673,Yrd. Doç. Sökmen Zamir Güçlü,dolun85@example.com,  Antalya ,03.05.2026,(953) 056-4184
2046,Halidun Yılmaz,gucalerdogan@example.net,Istanbul,25.09.2024,9483774029
1913,Odkanlı Satrettin Tevetoğlu Hayrioğlu,odkanlı@,  Adana ,10.01.2024,+901934891800
1315,Kezban Çalım Demir,kezban@,  Ankara ,09.08.2022,01842694500
1016,Dr. Ünal Gülhisar Demirel,zsoylu@example.org,Antalya,24.02.2022,+908957986872
1604,Av. İncifir Misra Karadeniz,turkabdulahat@example.org,IZMIR,29.01.2025,0 666 641 1065
1702,Huban Çetin Arslan,pertas@example.net,Antalya,20.12.2021,(692) 327-3798
1792,Vecide Gülçe Sakarya,sakar@example.org,Ankara,02.05.2023,05594698906
1274,Özdoğdu Aslan,demirbukendemir@example.org,ANTALYA,20.03.2023,0 907 826 3337
1922,Zahid Seven,obilir@example.org,Konya,,0 925 822 8280
1082,Eryıldız Hançer,elifnur21@exampleorg,Bursa,03.08.2023,4065965756
1014,Aynımah Demirel,hyilmaz@example.net,ANTALYA,05.11.2024,8236629946
1276,Sencar Çetin,ihsanogluezgutekin@example.org,ankara,20.04.2026,0 597 412 1820
1757,Yrd. Doç. Yosma Refet Arslan Zengin,yamanadem@example.net,ADANA,19.12.2022,+906179962356
1057,  Apaydın Hançer   ,udemirel@example.com,ANKARA,16.01.2024,02268018242
1404,Dr. Elifnur Kâzime Aslan,ytevetoglu@example.net,Ankara,02.01.2023,0 678 055 5572
,Durgadin Nades Akçay,muferrih99@example.org,Istanbul,21.05.2026,(957) 657-2894
1801,Çev. Aybora Kısakürek,berkal85@example.net,adana,08.02.2025,08417491617
1317,Uz. Göli Güler Durdu Soylu,sehelarslan@example.org,BURSA,18.12.2022,0 916 601 0023
1375,Ekmel Gencaslan Soylu Şama,durdugul@example.net,  Konya ,24.04.2024,09951542144
1417,Hamiyet İhsanoğlu,birgul45@example.org,Antalya,11.12.2022,04033445056
,Dr. Saire Büşranur Türk,dr.@,ankara,19.01.2024,+908186617945
1127,Abdülsamed Toktuğ İhsanoğlu,fehmiyeakdeniz@example.com,Ankara,03.09.2025,+907797177517
1164,Dilcan Sakarya,turkerksoy@example.org,Istanbul,12.10.2025,+909103717058
1565,  Karcan Zennun Yılmaz   ,gecersiz_email,Izmir,22.09.2022,+905775458472
1771,  Çev. Akgüneş Zubeyde Zengin   ,yilmazmenguc@example.net,antalya,19.08.2021,5979531926
1178,Muvaffak Çorlu,torhan21@example.org,Konya,25.12.2021,+900644742123
1431,Özçam Rüşen Arsoy,yurtsevenakca@example.net,ADANA,31.03.2022,+908677524014
1116,Ecegül Tarhan Yıldırım,zulgarnisoylu@example.net,Konya,24.08.2023,04680072290
1029,Akcivan Teksoy Tevetoğlu Sezgin,ozbilgeaksu@example.com,  Bursa ,,6398214658
1617,  İrfan Neşrin Şensoy Yıldırım   ,sultaneinonu@example.org,adana,26.08.2021,02036089411
1309,  Tule Gül İhsanoğlu   ,hyaman@example.org,Izmir,18.05.2025,7163928234
1957,Semat Tevetoğlu,mukraminyaman@example.com,  Istanbul ,03.11.2023,9720925192
1255,Möhsim Güçlü,koruturkgucal@example.net,Izmir,05.04.2023,4470229604
1892,Harbinaz Durdu Tevetoğlu,@domain.com,adana,11.01.2025,0 645 987 2408
1917,Özçam Korutürk,gulengunar@example.org,Adana,02.07.2023,0 100 593 2572
1265,Yertan Eba Yorulmaz,sahinbey87@example.com,izmir,09.06.2021,0 076 095 4317
1622,Dr. Gül Akgüneş Akgündüz,ashanarsoy@example.com,  Bursa ,07.01.2024,+900236219215
1686,Prof. Sittik Asım Yılmaz,gulzadiyeyaman@example.net,  Antalya ,04.05.2026,01045024373
1502,Lutfi Durdu,izgusezgin@example.org,Istanbul,19.07.2023,7595749885
1752,Demiryürek Akça,cocalan@example.org,ANTALYA,,0 282 968 2448
1527,  Akay Aksu Arsoy   ,duranhicsonmez@example.net,Adana,17.08.2025,+904888995729
1135,Us Günden Kısakürek,kisakurekogurata@example.net,Istanbul,12.01.2025,0 801 336 1386
1885,Ülküdeş Ertaş,gocalan@example.net,antalya,26.11.2022,+900465689698
1797,Şendoğan Sevcan Çamurcuoğlu,yukselulke@example.com,  Antalya ,19.08.2021,0 315 550 5705
1481,Bayan Nurseda Türk Soylu,gucluonursu@example.net,  Istanbul ,15.11.2021,1029087182
1001,  Akar Ziyaettin Aslan Yüksel   ,esrefkoruturk@example.org,Adana,32/13/2023,(402) 654-2351
1214,Fadıla Nurbanu Dumanlı Duran,gulozgehancer@example.org,izmir,06.01.2026,9297517028
1970,Öğr. Besey Meryeme Akar Tarhan,yosmasafak@example.org,  Izmir ,23.12.2025,0461638816
1869,  Öğr. Saçı Gülen Karadeniz   ,gul53@example.org,Bursa,23.07.2021,6958050450
1625,Laze Soylu,servinaz32@example.net,Antalya,18.09.2025,(232) 277-5213
1575,Mirbadin Yelesen Gül,safaksevket@example.net,IZMIR,10.07.2021,+900109567975
1054,Mujde Cihan Çorlu,secgul44@example.com,bursa,04.06.2024,+906582029702
1741,Abdürreşit Toktuğ İhsanoğlu Çetin,@domain.com,Adana,05.02.2022,+907606349429
1781,Özyurt Adal Karadeniz İhsanoğlu,kkaradeniz@example.org,Konya,17.08.2025,(793) 183-9979
2045,  Dr. Neval Uyanser Bilgin Gül   ,mehmetzahirgulen@example.com,ankara,21.03.2025,(625) 420-4123
1640,  Esenbay Koray Tarhan   ,gaslan@example.org,Ankara,11.06.2021,0 846 397 5615
1327,Birgit Durdu,zsakarya@example.org,antalya,15.02.2022,(112) 747-4721
1412,Yasemen Arsoy,fbilge@example.net,ISTANBUL,04.04.2022,0 790 833 5061
1555,Prof. Aybet Selcen Çorlu Ergül,nazlimakcay@example.net,Antalya,,1779876829
1597,  Okt. Ertan Akça   ,tayaydinyaman@example.org,KONYA,09.10.2024,2311232748
1878,Av. Tatu Borahan Aksu,zenginheva@example.org,  Konya ,26/05/2023,0 459 915 3044
1704,Işın Mümtaze Zorlu Manço,ginyas03@example.net,Bursa,17.09.2022,0 944 946 6720
1137,  Hıfzullah İhsanoğlu   ,arslanvarlik@example.com,Istanbul,12.06.2024,+900882100996
1248,Birben Süner Yaman,koruganaksu@example.net,izmir,16.11.2023,(280) 156-1931
1544,Öğr. Bahittin Akçay,soykutocalan@exampleorg,ANTALYA,18.04.2025,(760) 723-4838
1742,İlalmış Ezgütekin Akgündüz,esezgin@example.com,  Istanbul ,19.01.2023,0 024 837 4441
1432,Gülzadiye Şeyda Tevetoğlu,yorulmazildem@example.org,Izmir,17.02.2022,+901923724501
1271,,takgunduz@example.org,Adana,02.01.2022,(530) 428-9731
1454,Öğr. Yavuz Dalan Durdu,sazimeulker@example.net,  Konya ,32/13/2023,+905826862703
1821,Erkinel Zorlu,talayer84@example.org,Konya,25.05.2026,0157117132
1722,Yeşil Gülen Manço,jakcay@example.net,ADANA,01.08.2025,0 386 762 5923
2015,Okt. Yankı Bilgin,gulbani41@example.com,KONYA,24.05.2022,01094396907
1447,Gökbudun Kaşif Akar,gurcuye06@example.net,Bursa,15.12.2023,+909006314035
1561,  Vaysal Sudi Fırat Güçlü   ,tevetoglusennur@example.org,Antalya,03-15-2025,06059867874
1603,Alanalp Akdora Zorlu Karadeniz,ydemirel@example.org,  Ankara ,20.06.2021,0 807 468 2354
1718,  Tutkucan Bağdat Bilgin   ,yilmaztaciddin@example.org,KONYA,08.02.2025,06339534811
1679,Hanim Soylu,bilginkibar@example.org,IZMIR,24.01.2024,8828152787
1030,Adal Arslan,muarra97@example.org,Adana,24.08.2023,06270289517
1250,Şemsettin Denkel Dumanlı Seven,yukselbusra@example.com,Adana,05.11.2022,(785) 072-0811
1855,Çev. Ayhan Şemsinisa Mansız,pfirat@example.org,bursa,07.11.2022,2219143907
1859,Sebattin Öcalan,seda32@example.com,Bursa,20.10.2025,(100) 090-8993
2013,Oguş Aslan,alkorhayrioglu@example.net,KONYA,05.07.2022,09652239559
1190,  Uygun Üzer Tevetoğlu Öcalan   ,fhayrioglu@example.net,Izmir,18.09.2024,4946519098
1756,Verim Duran,xcetin@example.com,bursa,23.10.2024,06623236066
1713,Alsoy Derkay Aksu,sezerkosukhan@example.org,Bursa,21.05.2024,0 786 016 2590
1545,Okt. Tınal Törel Tevetoğlu,selvi38@example.org,  Antalya ,12.09.2024,(264) 186-9656
1523,Günşen Öcalan,vdurdu@example.org,Bursa,26.10.2023,0 933 505 5738
1117,  Çev. Tanak Ülküdeş Akça   ,ozyurt46@example.com,bursa,02.09.2025,01545444328
1719,Günser Yıldırım,akgunduzsavni@example.com,ANKARA,08.07.2023,(177) 512-3959
1841,Dincer Manço,alsoy59@example.net,  Konya ,18.07.2024,7659153820
1812,Efe Şensoy,gecersiz_email,Konya,23.04.2023,+906449760249
2036,Gülselin Oguş Soylu,sokmensakarya@example.com,  Adana ,15.10.2023,+909061682497
1944,Okt. Kübran Vacibe Yılmaz Manço,korkmazalpocalan@example.com,adana,21.02.2024,(510) 214-0128
1813,  Öğr. Gülgen Kezban Akçay   ,gulmeyhanim@example.com,Ankara,26.08.2022,0 559 147 6253
1427,Hindal Akçay,cevheriseven@example.org,  Ankara ,22.12.2021,07932382231
1174,Yazgül Erbay Şafak,sevdinarihsanoglu@example.net,  Istanbul ,31.12.2025,02312209949
2038,Yrd. Doç. Vefia Müjde Yıldırım,torhan05@example.com,Adana,16.06.2023,05714025038
1424,Buhari Çelem Bilir Demir,mkoruturk@example.com,  Bursa ,28.02.2025,6615541643
1093,  Bilay Arsoy   ,agmurgulen@example.net,Istanbul,10.12.2022,(162) 713-6111
1577,Dr. Muktedir Korugan Aslan,soylugungordu@example.com,Ankara,30.12.2023,(713) 073-5104
2014,Bayan İmrihan Ömriye Güçlü Manço,keraslan@example.com,Izmir,08.06.2022,+908900346861
1063,Subutiye Almast Arsoy,tanses16@example.net,Ankara,14.12.2022,(913) 075-6263
2007,  Apaydın Hançer   ,udemirel@example.com,ANKARA,16.01.2024,02268018242
1413,Türknur Erdoğan,hurside88@example.org,Istanbul,07.04.2026,8413128403
1464,  Öğr. Aypar Yıldırım   ,jguclu@example.com,bursa,06.02.2023,0 705 115 7942
1290,,afirat@example.net,  Adana ,08.11.2022,9323023467
1963,  Tanhan Sezgin   ,mertelsama@example.net,Izmir,19.01.2024,05390226247
1467,Muktedir Kısakürek,savnidemirel@example.org,  Ankara ,,+909833991403
1919,,arslanhubanexample.org,  Bursa ,12.04.2022,(418) 985-6643
1095,  Çev. Tolonbay Atgun Yüksel   ,yasar04@example.org,ankara,01.01.2024,9658271091
1177,Cüneyit Feyruz Dumanlı,takgunduz@example.com,Ankara,20/09/2023,0 982 665 7027
1769,Süheyda Açılay Bilge,safuraakcay@example.org,ADANA,24.10.2021,0 623 596 0530
1788,Dolun Zorlu,lyorulmaz@example.org,  Adana ,26.05.2025,6197979724
2010,Bay Nevsal Sezgin,sezgineskinalp@example.org,ankara,06.09.2022,03936967897
1131,Çağlar Şener,kockanbilir@example.net,Istanbul,26.12.2024,+900810620034
1823,Öğr. Şehza Benek Yüksel,turkrumeysa@example.com,Istanbul,03.12.2022,5350696261
1285,Dr. Mahter Anka Bilgin,uygun33@example.net,Istanbul,06.09.2021,(321) 298-3381
1798,Toköz Çorlu,mmansiz@example.net,Konya,19.10.2025,4701235036
1198,Sümeyye Şener,demirelenginiz@example.org,IZMIR,11.09.2025,+902140665044
1851,  Zerafet Bediriye Zengin Ergül   ,chayrioglu@example.net,Antalya,32/13/2023,(775) 801-5846
1948,İde Melikkan Sezgin Güçlü,hkaradeniz@example.org,  Antalya ,13.12.2021,0 934 854 0390
1983,Öğr. Çakırca Tanyolaç Arslan,akcayrakide@example.com,Ankara,26.03.2026,(310) 108-9654
1932,Dr. Arpağ İlalmış Akçay,yucel87@example.org,antalya,11.04.2022,5573952328
1042,Uludağ Atalay Aslan,bulker@example.com,ANTALYA,13.06.2024,+904036900343
1145,Av. Fatigül Şelâle Sakarya,canfezaakcay@example.net,konya,30.05.2024,+905991624731
1939,Mahigül İhsanoğlu,demirguldam@example.org,IZMIR,26.05.2025,0 684 184 7146
1032,Asiman Aysevim Hayrioğlu,arslanyasattinexample.com,ISTANBUL,26.07.2023,3747407482
1380,Şerafeddin Çetin,jyorulmaz@example.com,Izmir,20.09.2022,06392831995
1319x,Uz. Acarkan Hacile Yıldırım,sinasikisakurek@example.org,BURSA,,05109226859
1657,  Atnan Yorulmaz   ,firatashan@example.net,ANTALYA,15.08.2021,(199) 945-2951
1834,Kayıt Akçay,zdurdu@example.com,  Ankara ,27.06.2021,0 158 286 3040
1151,Doç. Ushan İhsanoğlu,esmanperikoruturk@example.org,  Konya ,03.08.2022,8075957947
1441,Öğr. Emiş Gülen Bilir,öğr.@,  Adana ,14.10.2024,01918623392
1909,Minibe Çorlu Çorlu,tarhanterlan@example.net,  Izmir ,27.06.2022,0 966 682 9052
2011,Bidayet Nalân Dumanlı İnönü,firatpaker@example.org,Adana,23.10.2025,09512397283
1946,Kiyasi Eraslan,risaletsener@example.net,Bursa,14.05.2024,06434597317
1958,Baydu Şemsettin Durmuş,henifegul@example.net,  Bursa ,06.03.2023,+901585511639
1191,Elamiye Akdeniz Arslan,arsoyhekime@example.org,  Antalya ,01.06.2021,(386) 562-4220
1297x,Nafile Şafak Tarhan,wergul@example.com,Konya,bilinmiyor,(233) 305-9126
1438,Yıldız Ergül,yyaman@example.org,Istanbul,21.08.2025,0 333 732 0430
1237,Dalan Akça,sevindik76@example.org,Antalya,28.07.2023,0 359 710 7256
1952,,sevdi87@example.com,IZMIR,22.08.2022,6425507868
1296,Gürcüye Ticen Tarhan,mmanco@example.com,KONYA,21.02.2022,+902330276420
1653,Denizalp Yaman,paksucetin@example.org,adana,17.06.2021,7711675076
1186,  Kısmet Yıldız Hayrioğlu   ,kısmet@,  Konya ,27.02.2022,09321495870
1187,Akcivan Güçlü,sakaryacivgin@example.org,Istanbul,11-04-2021,0 792 171 7477
1971,Doç. Zebirce Gül Ergül,firatugur@example.com,Antalya,28.01.2026,(072) 720-8147
1221,  Bayan Gülkadın Deryanur Türk   ,gucluemrullah@example.com,Ankara,18.08.2021,5528938911
1360,Atnan Zengin,senersuleyla@example.org,antalya,06.06.2022,+908559821766
1002,Kavurt Sakarya,ucan94@example.org,Istanbul,01-23-2025,(752) 553-4192
1838,Prof. Zaliha Beriye Arslan Şama,prof.@,Adana,08.11.2022,06505276120
1556,Arş. Gör. Tercan Feden Karadeniz,timurtasfirat@example.net,istanbul,24.05.2022,9579001248
1750,Uludağ Öcalan,tuncbogahancer@example.net,  Istanbul ,12.05.2026,08730549824
1051,Dr. Mahter Havse Hançer,yorulmaznevsal@example.com,IZMIR,10.08.2024,0 218 518 8888
1901,Atagün Yıldırım,gulfarieraslan@example.net,Istanbul,28.01.2026,7449234359
1866,Adasal Demir,gulginyas@example.com,bursa,31.07.2024,+903369318062
1903,  Tanses Şafak   ,cagabilge@example.com,ANKARA,26.12.2023,3010127896
1037,Dr. Gülşa Şahinder Yıldırım Yorulmaz,@domain.com,konya,03.10.2021,05395024026
1402,Sabih Sakarya,sahindermanco@example.net,ADANA,18.11.2023,0 168 154 6602
1351,Şeyda Demir,dcetin@examplenet,istanbul,03.04.2026,1407034910
1937,Öğr. Ballı Kezban Fırat,akarzumre@example.net,ADANA,,3794128866
1717,Yrd. Doç. Durgadin Hilayda Durdu,zelha21@example.com,bursa,08.09.2021,0 243 198 3924
1157,Behrem Fırat,alpsuturk@example.net,Izmir,13.03.2023,(845) 783-1745
1238,Yayak Kısakürek,mkoruturk@example.com,Antalya,11.10.2021,+908092428757
1879,Ayçan Yılmaz,abdurresityaman@example.net,Adana,20.04.2023,0 304 093 4675
1905,,kiyasibilgin@example.com,Antalya,12.08.2023,0 762 626 3678
1876,Aysevim Ezgin Durmuş Akçay,doganalpyuksel@example.com,  Antalya ,28.01.2022,0 431 834 3695
1749,Nehip Akar,feyhakaradeniz@example.net,  Konya ,24.10.2021,(269) 420-3983
1154,Tagangül Hançer,kezban90@example.com,Istanbul,27.11.2021,0 159 399 8245
1786,Çev. Münezzer Ticen Ülker,uhayrioglu@example.com,Antalya,09.11.2025,08240516654
1935,Odkanlı Sami Şafak,gulsalinhayrioglu@example.com,Izmir,24.10.2024,0 536 735 5896
1323,Öğr. Züfer Yaman,bilginur65@example.com,Antalya,bilinmiyor,(498) 436-2418
1492,Boztaş Çorlu,divan11@example.org,Adana,32/13/2023,06733116772
1854,Alexandru Alemdar,unseverakdeniz@example.com,  Adana ,12.02.2022,0 716 596 5667
1606,  Fermuta Kısakürek Tevetoğlu   ,acetin@example.net,KONYA,01.08.2022,(059) 625-7197
2049,Doç. Zöhrehan Bezek Korutürk,basriye24@example.com,ankara,24.07.2021,0 509 025 5618
1553,Karataş Duran,bugetulker@example.org,BURSA,25.04.2022,01821925967
1217,Demiryürek Akçay,jarslan@example.com,  Izmir ,16.08.2021,6273014719
,Mishat Seven,ihsanoglumucahit@example.com,Konya,09-24-2024,09296444772
1242,Afer Akdeniz,gunserkisakurek@example.com,ADANA,02.11.2022,7499616592
1701,Onursu Boynak Demir,onursu@,Istanbul,03.01.2023,(503) 300-0088
1779,Seblâ Durdu,akarhilayda@example.org,ankara,13.01.2022,03168066470
1643,,ebilir@example.org,bursa,18.07.2023,+903394319165
1185,,tunckilic21@example.net,BURSA,18.10.2024,0 184 094 3533
1916,Doç. Özçam Göknur Hayrioğlu,doç.@,  Istanbul ,14.05.2024,(669) 100-8224
1826,  Kâzime Dilcan Karadeniz   ,abdulkerimalemdar@example.com,ANTALYA,17.12.2023,+909041728207
1536,Av. Evrimer Şama,bergenmansiz@example.net,  Adana ,20.09.2021,6321119787
,Masar Okyalaz Aksu,@domain.com,  Istanbul ,,(395) 894-7735
1776,Çev. Öncel Ertaş Gülen,arsoyvefia@example.com,Istanbul,28.08.2021,5673332973
2016,Aybora Fenni Yıldırım Çetin,hsener@example.org,antalya,32/13/2023,1039952970
1156,Bağdaş Gül,silanureraslan@example.net,izmir,01.12.2024,04921643347
1802,Halidun Yılmaz,gucalerdogan@example.net,Istanbul,25.09.2024,9483774029
2034,Çev. Erksoy Sezer,feraslan@example.com,Izmir,10.03.2023,0 358 841 8343
1218,İklim Süleyla Durdu Şafak,purcek71@example.com,  Izmir ,23.12.2023,05044818321
1126,  Utkucan Akgündüz   ,gecersiz_email,Izmir,23.12.2021,(916) 375-6289
1102,Gülter Serma Hançer Ertaş,enginiz12@example.net,IZMIR,07.12.2022,7883171210
1530,Doç. Zöhrehan Bezek Korutürk,basriye24@example.com,ankara,24.07.2021,0 509 025 5618
1160,Teybet Nura Ertaş,samaboztas@example.org,ISTANBUL,10.09.2021,7303718376
1714,Canur Zengin,ruhugul78@example.com,Bursa,01.10.2025,(878) 072-7903
1959,Dr. Limon Şayan Aksu Yıldırım,dsama@example.com,Antalya,22.11.2024,+908831249773
1359,Doç. Kayıt İnönü,eihsanoglu@example.org,  Antalya ,21.06.2024,3347743326
1260,Köktaş Şener,aktemuraslan@example.net,ANTALYA,26.03.2026,3868700794
1121,Saba Demiryürek Gül,akboga58@example.org,Ankara,32/13/2023,0 478 985 6257
1311,Öğr. Halidun Mecit Güçlü,zorlusinasi@example.net,  Konya ,02.09.2021,0 474 916 2475
1740,Dilcan İhsanoğlu Tarhan,dkaradenizexample.com,izmir,17.04.2026,06176231336
1304,Sunay Zengin Yaman,adlan82@example.net,Ankara,16.01.2022,(784) 468-3414
ABC1455,Özpetek Ülker Akçay,tugce92@example.net,  Izmir ,04.06.2023,+900005155323
1605,Birben Burcuhan Demirel,seleryilmaz@examplecom,  Ankara ,14.02.2024,+906834826899
1065,Okt. Örfiye İhsanoğlu İhsanoğlu,sevindik19@example.net,  Bursa ,17.02.2024,3848421993
2019,Öncel Ergül,ergularisoy@example.net,konya,28.01.2022,+904337953111
1073,Bahtinur Durmuş,perinurtarhan@example.com,  Izmir ,11/03/2024,+902708668826
1738,Şerafeddin Akça,gunkurtyuksel@example.com,adana,06.11.2021,05095632174
1999,  Başok Şafak   ,kizilsezer@example.org,Konya,32/13/2023,03424375391
1036,Aktemür Göken Soylu,sakaryanayil@example.net,Izmir,02.02.2022,5158506431
1915,Erenalp Çorlu,saire55@example.org,Antalya,,6598455766
1886,  Bayan Güngören Kısakürek Durmuş   ,abdurrahmanyildirim@example.com,Istanbul,13.02.2024,3410406291
1966,Av. Öztek İlsu Zorlu,akcaymirbadin@example.org,  Istanbul ,05.07.2021,09853720335
1646,Öğr. Mihin Çorlu,gecersiz_email,ANTALYA,30.08.2024,2827636431
1669,Arş. Gör. Dilcan Nefaret Zengin Seven,hafizasezer@example.com,Adana,01.03.2023,+903498992553
1165,Av. Nili Ağbegim Alemdar,gulsalin01@example.com,ANKARA,32/13/2023,(195) 761-2286
ABC1491,,akcaysezen@example.net,IZMIR,17.09.2021,02089532638
1376,Öğr. Hacile Akgündüz Aksu,rafih91@exampleorg,Ankara,29.09.2024,05349678274
1894,Doç. Şerafeddin Akça,coskun98@example.net,Bursa,24.07.2022,+902484202435
1624,Aran Durmuş,jtevetoglu@example.net,  Izmir ,16.12.2025,0 948 232 2041
1475,Esna Kandef Ertaş,ensaricamurcuoglu@example.net,  Antalya ,18.02.2025,1231660076
1663,Kete Gökçil Hançer,tansesyilmaz@exampleorg,BURSA,21.05.2025,4196234219
1277,  Bayan Güldünya Akar Erdoğan   ,narslan@exampleorg,  Izmir ,13.11.2022,3234672994
1106,Yahşikan Sezer,laze92@example.net,Bursa,26.02.2026,0 252 500 2921
1370,Asalet Ortak Dumanlı Demir,yukselkoktas@example.com,IZMIR,07.04.2024,7490250429
1629,Yrd. Doç. Kızıltunç Hayret Yılmaz,sefer96@example.org,Antalya,06.09.2023,05421880879
1170,Barak Ülker,xsafak@example.com,  Adana ,14.05.2022,0 211 039 2405
1636,Bayan Şehreban Menfeat Bilgin,ocalanmertel@example.com,konya,22.01.2024,0929735259
1724,Öğr. Irıs Akise Hayrioğlu Akar,ilim70@example.net,BURSA,13.10.2023,2732022271
1882,Akınal Ahsen Ergül,bogatimureraslan@example.net,antalya,12-31-2024,(708) 511-9194
1332,Av. Efil Serda Şener Zengin,turkmestur@example.net,ANTALYA,bilinmiyor,(504) 481-7766
1448,Öğr. İlteriş Bilgin,ulfet02@example.org,  Ankara ,28.05.2024,+909060723111
1267,,ertasoge@example.com,Ankara,22.05.2025,02845679723
1021,Heyvetullah Rüşen Şafak,berkal85@example.org,Adana,30.08.2025,+903147379965
1828,,ayten91@example.org,Konya,12.04.2023,(157) 809-7830
,Öğr. Nasuf Soyselçuk Akçay,qerdogan@example.org,ANKARA,bilinmiyor,3302399344
1496,Serol Tunçkılıç Çetin,seydodurmus@example.com,Ankara,15.02.2026,2282305248
1390,Dr. Nazıdil Gözem Yıldırım,beriye56@example.org,Konya,01.07.2024,(480) 940-4760
1554,  Sağcan Suat Duran   ,nazlim69@example.net,Konya,02-14-2024,09881145788
1485,Ergül Muhiye Çamurcuoğlu,cuheynasezgin@example.org,antalya,10.05.2022,9236534606
,Nurser Şeyda Şener Şama,mevludiye22@example.com,adana,03.11.2024,(513) 444-8672
1363,  Arş. Gör. Hadrey Şensoy Ergül   ,tguclu@example.org,istanbul,09.07.2021,+908217195535
1020,Taylak Manço,erginelguclu@example.net,Antalya,25.12.2021,+906319314919
1494,Öğr. Süvari Nayil Yıldırım,sacisezer@example.org,Konya,04.09.2023,03454722398
1105,Oguş Aslan,alkorhayrioglu@example.net,KONYA,05.07.2022,09652239559
1766,Urhan Bilir,xgulen@example.org,Ankara,01.04.2025,02951646933
1765,Günden İzgü Dumanlı Eraslan,ihsan96@example.net,Ankara,30.03.2023,1840398221
1785,Dr. Selvi Kifaye Durdu,rakar@example.net,Antalya,,06201655578
1152x,Prof. Ozansü Aslan,wbilgin@example.net,Antalya,20.01.2022,0 155 942 8434
1405,Av. Teybet Gülözge Duran Sezer,gecersiz_email,ANKARA,06.06.2023,(992) 959-6604
2040,Öğr. Emine. Ürper Şafak Gülen,ustun33@example.com,  Istanbul ,06.06.2021,+907221425731
1920,Aykutalp Kete Şama,ahter23@example.net,Konya,17.03.2024,(113) 860-4794
,Gülbani Bilir,burakhan20@example.net,IZMIR,09.10.2022,9480245598
1610,Afife Yorulmaz,soylugulcegun@example.net,Adana,21.02.2026,(011) 950-9271
1609x,Sırriye Aysema Hayrioğlu Şafak,abdulsemetakdeniz@example.net,antalya,13.02.2022,0 324 728 2895
1562,Fügen Eriş Soylu,fidaye54@example.net,Konya,28.07.2024,(650) 200-0245
1435,Aylil Tevetoğlu Sakarya,durducuneyit@example.org,istanbul,01.04.2026,3920514607
1956,Öğr. Urhan Tarhan,reraslan@example.org,adana,16.07.2025,(383) 680-6014
1159,Yücel Kifaye Seven,berenakcay@example.org,istanbul,11.11.2022,0 703 120 7356
1064,Arş. Gör. Şevketfeza Siti Bilge,demirelevrimer@example.net,ISTANBUL,13.06.2022,3484344375
1316,Gürcüye Lerze Akçay Eraslan,duransevican@example.net,izmir,11.12.2021,(273) 652-7172
1818,Doğanşah Gülen,fehmiye11@example.org,istanbul,15.08.2024,03539101612
1373,Minibe Demir,sevensali@example.net,bursa,01.05.2026,(288) 665-2683
1423,Denkel Hançer,semsettinaslan@example.org,Istanbul,04.02.2026,0 336 911 2898
1789,Fayize Durmuş,durmusali35@example.com,Konya,17.06.2024,0598026029
1301,Doç. Mihriye Fırat Çamurcuoğlu,neriban88@example.org,  Istanbul ,07.11.2024,06184462671
1258,Dr. Zahfer Şemsinisa Hayrioğlu Gülen,soylualattin@example.com,ANKARA,07.08.2023,2241246209
1120,  Bayan Fatinur Ergül Akar   ,ilalmis97@example.org,  Ankara ,30.12.2022,1296666760
1328,  Bayan Nezengül Akdeniz Arslan   ,nseven@example.net,Izmir,21.01.2022,(214) 629-6136
2032,  Ayçan Çorlu   ,rkaradeniz@example.org,Bursa,06.06.2021,2620450533
1739,Adlan Yaşattin Bilgin,yorulmazbugetexample.net,Adana,06/07/2022,0 608 277 0564
1230,Dr. Züheyla Gülay Akgündüz Yıldırım,melahasoylu@example.org,Ankara,19.09.2024,1364424936
1300,Cemalettin Sümeyye Sezer Akçay,durmusaydar@example.com,  Adana ,10.01.2022,0 603 408 4872
1816,Yrd. Doç. Tanbay Çağa Akgündüz,sevendalkilic@example.com,Istanbul,32/13/2023,0148967808
1848,Recepali Gül,arslanoymak@example.net,ADANA,02.10.2021,(148) 374-7558
1840,Arpağ Bilge,celikkanalemdar@example.net,  Izmir ,31.12.2023,0 037 539 8923
1817,Kelâmi Gül,maynur31@example.org,BURSA,24.04.2026,6339172994
1247,  Çağlar Erdoğan   ,sejda67@example.org,Adana,20.11.2023,0 724 665 7293
1747,  Öğr. Akbaş Kopan Güçlü   ,nulker@example.org,ADANA,02.07.2025,(538) 590-6739
1611,Gülağa Akçay,vcorlu@example.org,Ankara,18.02.2025,4189485432
2003,Arş. Gör. Şevketfeza Siti Bilge,demirelevrimer@example.net,ISTANBUL,13.06.2022,3484344375
1533,Yrd. Doç. Neptün Almast Öcalan Mansız,ergenererdogan@example.org,izmir,02.10.2022,0 383 638 1643
1090,Mevlüt Bilge,ocalannehip@example.org,Ankara,,(544) 948-1260
1171,Göknur Muktedir Güçlü Yıldırım,göknur@,Adana,02-23-2024,0 940 701 6451
1711,Kotuz Ülker,selatin11@example.org,Istanbul,07.10.2024,08218849680
1585,Arş. Gör. Tuğçe Fatinur Ertaş,qzengin@example.com,Izmir,26.09.2024,(783) 274-8835
,Yrd. Doç. N˜zamett˜n Sencar Akçay,vahittin11@example.com,Adana,bilinmiyor,0 896 660 5342
1199,Öğr. Arifcan Soylu,nezengulgulen@example.org,  Antalya ,22.08.2024,(707) 200-6425
1500,Seçgül Nüdret Akgündüz Şensoy,merdogan@example.com,Antalya,bilinmiyor,0 385 076 5975
1324,Efil Korutürk Bilir,dmansiz@example.org,ANTALYA,17.05.2023,(503) 428-1139
1976,  Feyruz Bilgin   ,gulaga94@example.net,izmir,,07351896225
1308,Arş. Gör. Üsame Aslan,dumanlisevgen@example.com,  Bursa ,22.03.2022,+903741678725
1049,Arş. Gör. Enes Gökçil Sezgin,makcay@example.com,Istanbul,,1412478261
1129,Maynur Züheyla Fırat Arsoy,turkgurarda@example.com,  Istanbul ,11.02.2022,1609177982
1707,Öğr. Alpcan Eraslan,gecersiz_email,  Izmir ,02.11.2021,+908507665344
1292,Niğmet Tarhan,teksoy35@example.net,Antalya,29.05.2023,09786305050
1888,Gülel Boğatimur İhsanoğlu,dorukhansoylu@example.org,  Ankara ,18.12.2021,+901631297557
1365,,hinet43@example.net,  Adana ,17.11.2025,04831520377
1489,Dr. Yilmaz Gül,sabir33@example.net,adana,13.05.2025,0 141 686 0134
1982,  Arş. Gör. Gülşa Behiza Yıldırım Akar   ,eraslanyalin@example.com,Istanbul,09.10.2022,(998) 709-3391
1760,Değmeer Fırat,jhayrioglu@example.net,BURSA,19.08.2025,8235309766
1961,,songurkanguclu@example.net,istanbul,25.09.2025,0 426 622 5492
1155,Ummahani Soylu,fakgunduz@example.com,Konya,25.06.2024,06475987622
1987,Rakide Ergül Bilir,hdemirel@example.net,  Adana ,24.06.2024,03927687141
1659,Menişan Selmin Akgündüz,hancerfadilaexample.net,ankara,28.11.2023,+903774926632
1035,  Berran İnönü   ,temimegul@example.net,istanbul,25.04.2026,+908593174612
1528,Muhyettin Şafak,nesrinkaradeniz@example.com,konya,23.10.2022,+908187692082
1947,Bay Efe Ecemiş Akçay,merim67@example.com,  Konya ,22.12.2025,6054270799
1439,Av. Sehel Seven Durmuş,ilmaferakcay@example.net,Adana,26/04/2024,0 253 892 1878
1333,Nefaret Zeyno Şafak Fırat,edgubay27@example.com,antalya,12.04.2023,08178904633
1676,Zevlüde Mahter Tarhan,zulgarni93@example.net,Istanbul,08-07-2023,2900362211
1595,Kibar Yıldırım,corluhukumdar@example.com,  Bursa ,16.12.2024,+908677823129
1034,  Taygan Eraslan   ,purceksakarya@example.net,Ankara,23.08.2024,08842474517
1459,Vargın Ulakbey Aslan,xsama@example.net,izmir,06.09.2025,07158102131
1235,Dr. Mishat Çetin,abdurrahmangulen@example.org,Ankara,32/13/2023,(295) 431-6526
1109,Cevale Karadeniz Güçlü,gunserdumanli@example.org,  Izmir ,30.05.2025,(997) 062-9620
1991,Nurey Ümmahan Mansız,inonutugce@example.net,Antalya,01.03.2026,01922188220
1945,Öğr. Atnan Serhatmehmet Şama,gelengul97@example.net,Konya,04-21-2024,(709) 412-4605
1570,Menişan Yüksel,fsensoy@example.net,Ankara,09.09.2025,1437483093
1535,Nurda Masume Bilge Bilge,akcayummet@example.org,ankara,07.01.2025,09880315388
1748,  Öğr. Merim Ganiye Sezer   ,bgulen@example.net,  Izmir ,19.08.2025,(706) 632-0162
1790,Kitan Manço,gecersiz_email,Adana,08.03.2023,(867) 595-1418
1089,Dr. Selvi Yıldırım,sittikturk@example.com,Bursa,15.07.2022,08361340745
1578,,ozudogruakcay@example.org,IZMIR,07.12.2024,00318053396
1914,Rüşen Erdoğan,okturk34@example.org,ADANA,06.12.2024,05273411461
1857,Şahnuray Ertaş,mihinhayrioglu@example.com,Konya,14.12.2023,+908664320317
1110,Güçal Diken Akar Seven,sezen44@example.org,Antalya,22.11.2021,+907310324171
1119,Öncel İnönü,tutkucanakcay@example.com,  Ankara ,07.09.2024,+909917381684
1062,Nurda Çetin Şama,fersan39@example.net,Izmir,03.06.2023,+902694958887
1220,Ledün Münif Çamurcuoğlu Erdoğan,alemdarerogul@example.org,Adana,24.10.2023,0 423 216 1107
1926,,ferzi28@example.com,  Antalya ,18.03.2025,8040334801
1278,Onuker Demirel,maslan@example.org,  Adana ,15.05.2026,0 692 632 9676
1651,Öğr. İmren Seven,suzerkoruturk@example.org,Konya,31.07.2021,0 686 800 8529
1320,Dr. Mazlum Manço,pekkan45@example.org,Adana,08.10.2022,5226557676
1574,Eflâtun Mutluhan Demir Manço,kayagun65@example.net,Izmir,17.01.2023,(592) 738-7402
1706,  Kınel Hançer   ,monisergul@example.com,KONYA,01.07.2021,05590461007
1288,Kösemen Akgündüz,camurcuogluerdursun@example.com,Antalya,28.01.2026,05024972439
1524,Tasvir Bilgin,bdurmus@example.net,KONYA,17.10.2021,03510409614
1168,  Sökmen Toker Hançer Türk   ,sökmen@,Antalya,bilinmiyor,02583206799
1418,Mücevher Durmuş Durmuş,melihcanmansiz@example.net,antalya,13.08.2023,(960) 105-4857
2005,Sidki Us Hançer İhsanoğlu,@domain.com,  Izmir ,04.10.2024,+901936785764
1263,Av. Öge Sezgin,demirbehiza@example.com,Bursa,04.02.2026,0 303 614 9872
1552,Av. Hansultan Zerafet Yüksel,akdenizgokperi@example.org,adana,17.02.2024,7067368205
1912,Av. Hüsmen Atasagun Duran,gecersiz_email,adana,23.10.2023,5815398852
1505,,munezzer61@example.org,Bursa,27.10.2021,0 591 024 5109
1371,Baba Tevetoğlu,baba@,Istanbul,26.04.2025,0978875439
1086,  Değer Tarhan   ,nzamettnfirat@example.org,ANKARA,04.03.2024,6033419182
1341,Lâle Tevetoğlu Bilir,dikendurmus@example.com,ADANA,29.12.2024,01729596390
1581,Şahnuray Temime İhsanoğlu,mcetin@example.net,Ankara,13.05.2026,1237407794
1703,Doç. Aynımah Oguş Yılmaz Duran,suvari81@example.net,  Antalya ,16.07.2023,(371) 181-5198
1543,Çev. İldeş Firdevis Gülen İnönü,nocalan@example.net,Adana,15.06.2025,5914084993
1050,,sevenbahaddin@example.com,Ankara,04.12.2023,+907790104328
1452,  Eba Çinerk Şener Türk   ,yildirimselcen@example.com,ISTANBUL,06.02.2026,+902785324264
ABC1113,Muhiye Çamurcuoğlu,corluorik@example.net,  Izmir ,26.05.2023,(911) 914-8564
1648,Çev. Hafıza Ümray Akgündüz Aslan,gecersiz_email,Bursa,17.03.2025,01097202170
1343,İlsu Abdülkerim Yaman,hayriogluvezrife@example.net,Konya,04.08.2023,(964) 229-7125
1708,Aysevim Akgündüz Hançer,fersandumanli@example.com,Antalya,09.05.2026,(435) 861-7682
1099,Onuker Ulu Akçay Yorulmaz,muhammetsezgin@example.net,antalya,04-28-2026,(494) 937-5973
1627,  Kızıl Tarhan   ,guclusucaettin@example.com,Istanbul,27.09.2025,2291316708
1516,Bayan Armahan Lüfen Hayrioğlu,ozlemcorlu@example.org,Antalya,26.01.2026,4881898484
1608,Burcuhan Eriş Soylu,okturk92@exampleorg,konya,23.11.2021,0 704 542 1854
,Göken Arslan,adilacetin@example.net,  Konya ,12.06.2024,0 332 003 7917
1973,Özdeş Türk,hkisakurek@example.net,ankara,11.01.2025,0 318 073 9200
1732,Yrd. Doç. Alpsü Dumanlı,narhanim65@example.net,  Ankara ,02.06.2024,+902106294193
1047,  Şahnuray Yorulmaz   ,behrem51@example.net,Ankara,10-21-2024,8652816850
2009,Gülgüzel Aykut Akçay Öcalan,fatigulcorluexample.com,Bursa,02.02.2023,0 919 832 1029
1123,Diken Sezer,hancersahmettin@example.net,ISTANBUL,01.12.2021,(564) 208-7375
1634,Okyalaz Ruhsat Alemdar Ergül,fehimihsanoglu@example.org,  Bursa ,23.10.2021,0 732 086 5237
1644,Gülenay Asu Zorlu,jankat31@example.org,KONYA,22.08.2021,0 002 687 6448
1518,Yurtgüven Demirel,hamikoruturk@example.net,KONYA,bilinmiyor,+909638452696
1534,Ulu Erdoğan,zehranurgulen@example.net,Konya,20.10.2024,(144) 170-6462
1908,Hezniye Fırat,sernur65@example.org,ankara,14.02.2023,(495) 611-9989
1393,Dr. Doğannur Burcuhan Akçay Gül,akcaytenvir@example.net,antalya,18.07.2024,(242) 956-3343
1910,Rakide Naz Tevetoğlu Zengin,akkerman89@example.org,adana,17.10.2022,(986) 221-4051
1641,Sultane Türk,tevs49@example.org,Istanbul,30.05.2025,9693957875
1499,Mertel Öcalan,aynilhayatbilge@example.net,ankara,14.05.2025,0 726 032 1450
1003,Uz. Müslum Kasim Aslan,ugurhayrioglu@example.org,  Antalya ,23.07.2022,+903884969653
ABC1682,Süheyda Bilgin,durannasuf@example.net,bursa,16.12.2024,(499) 795-7285
1027,Öğr. Bezek Tevetoğlu Türk,@domain.com,Ankara,31.08.2022,06717565512
1228,Dr. Sadiye Özpetek Zorlu Akçay,baslan@example.net,izmir,06.10.2023,(294) 563-7183
1691,  Muhiye İnönü   ,eba35@example.net,adana,26.02.2025,0 398 818 7387
1354,  Dr. Esengün Şirivan Çamurcuoğlu   ,nurkan98@example.com,Antalya,18.01.2022,4975019803
1542,,mocalan@example.com,Ankara,27.11.2022,8599144920
1053,Aköz Hayrioğlu,gokperi68@example.com,ADANA,05.09.2022,+907584161692
1460,  Okt. Annak Manço   ,cangurbilge@example.org,antalya,17.06.2021,0 211 063 3016
1744,Doç. Kefser Ballı Şensoy,yilmazmugber@example.com,Konya,,07814604761
1941,Öğr. Değer Duran Yüksel,jkisakurek@example.net,  Izmir ,06.06.2024,+906804186930
1953,Arş. Gör. Permun Arıpınar Tarhan Akçay,bilginimrihan@example.net,Adana,32/13/2023,2879872873
1329,Dr. Büşranur Nebiha Ertaş Ertaş,fsakarya@example.org,  Ankara ,26.01.2025,(470) 827-2359
1822,Sidki Us Hançer İhsanoğlu,@domain.com,  Izmir ,04.10.2024,+901936785764
1727,Dinçkol Akçay,dkaradeniz@example.org,ADANA,06.09.2022,3906540259
1984,Prof. Canan Firdevis Hayrioğlu,ozkentturk@example.com,Izmir,25.01.2026,+904848170361
1621,Binışık Akgündüz,corluoge@example.com,antalya,20.08.2023,2996426033
1025,Yrd. Doç. Şahdiye Hafıza Öcalan,cdumanli@example.com,ADANA,18.09.2025,0 328 120 6797
1357,Uz. Arıpınar Lâle Ertaş,durduozakan@example.org,  Bursa ,25.04.2024,05868122595
1227,Bahtinur Yıldırım,yamanyumun@example.com,konya,18.06.2025,(114) 152-0850
1969,  Rengül Yüksel   ,karadenizadviye@example.org,Antalya,20.02.2025,04205986856
1273,Bellisan İnönü,arslanatiyye@example.net,ANKARA,04.03.2023,(027) 341-5148
1346,  Asiman Güçlü   ,qergul@example.org,Adana,18.01.2026,0 066 343 6294
1458,Uz. Nezize Hümeyra Akar,gulcegun07@example.com,bursa,10.12.2025,09090463766
1018,Çoğay Durdu,aguclu@example.com,ISTANBUL,32/13/2023,6562729806
1366,Afer Oliver Karadeniz Türk,sayin96@example.com,Izmir,20.07.2025,6804085095
1111,Pesent Siti Soylu,cenan86@example.org,  Antalya ,08.04.2023,(021) 158-6938
1092,Günver Şafak Alemdar,emisaslan@example.com,konya,22.07.2025,+907063242415
1579,Av. Ünübol Çamurcuoğlu,qihsanoglu@example.com,Ankara,11.11.2025,0 046 661 4590
1226,Dr. Nurtaç Serda Hayrioğlu,ddumanli@example.org,ISTANBUL,30.07.2021,(806) 479-6954
1690,Öğr. Sadiye Enfes İhsanoğlu,eraslanrevza@example.com,ADANA,17.10.2024,0 092 288 4987
1773,Fehim Akgündüz,tugrulhan66@example.org,  Ankara ,30.09.2025,02486070472
1842,Aytuna Özakan Aslan Ülker,alemdarorik@example.com,BURSA,26.03.2022,(455) 337-5656
1080,Hariz Tevetoğlu,uocalan@example.org,Konya,01.08.2024,0 626 551 1047
1173,Arş. Gör. Evrimer Üsame Yorulmaz,ongen08@example.com,Antalya,17.07.2022,0 578 232 9832
1726,Bay Celilay Korutürk,ydurdu@example.net,Bursa,25.06.2021,01637050049
1128,Ağakişi Gülen,jturk@example.net,Izmir,31.05.2021,(997) 571-1305
1762,Prof. Gökten Okanay Eraslan,demirelgunver@example.com,istanbul,17.07.2022,7503619202
1649,Okt. Menfeat Akçay Akdeniz,kasif46@example.com,Adana,05.02.2023,+903900251213
1103,İntihap Özaslan Bilgin,kopanalemdar@example.com,  Bursa ,11.04.2023,+900296670662
1019,Atatöre Şensoy,dyaman@example.org,istanbul,,(080) 531-0033
1175,  Yrd. Doç. Ekmel Ekber Tarhan   ,ergulbozbag@example.net,Izmir,24.04.2025,(046) 333-1279
1166,Ferhan Duran,wihsanoglu@example.com,Bursa,29.02.2024,6004908240
1286,,oganersafak@example.org,Istanbul,bilinmiyor,0 896 270 6614
1483,Doç. Monis Ünlen Sezer,sakaryagurarda@example.org,  Konya ,27.01.2022,8611145768
1144,Binay Güngören Dumanlı,ebilge@example.org,Antalya,05.07.2022,09136621038
1449,Prof. Odkanlı Erdoğan,gunselhayrioglu@example.org,KONYA,32/13/2023,+903280771130
1249,Öğr. Erkinel Hariz Çetin,aygutalp84@example.org,Izmir,06.09.2025,02478712552
1763x,İlkbahar Tevetoğlu,zenginkoray@example.net,istanbul,01.11.2023,00786235107
1070,  Dr. Ummahani Dumanlı Sezgin   ,gecersiz_email,BURSA,bilinmiyor,+908017046226
1877,Prof. Atgun Akver Tarhan,solmazengin@example.com,  Izmir ,10-31-2023,(281) 629-1087
1497,Onat Zorlu,guleneroz@example.org,adana,27.08.2021,00162047876
1830,  Kaşif Bilgin   ,ervaniye80@example.net,Antalya,23.05.2026,0 557 599 4084
1628,Kalgay Kâmil Durmuş,izgu67@example.org,antalya,01.05.2023,0 440 766 3493
1140,,guvercinakar@example.com,Ankara,01-30-2025,(256) 394-2788
1938,Avşin Ünübol Yaman Tarhan,kiyasicetin@example.org,konya,16.10.2021,+905744653255
1743,Uz. Gürcüye Aslan Ergül,vocalan@example.org,konya,02.12.2023,0 626 890 4723
1967,Güngördü Artan Gülen,yamanoldag@example.org,ADANA,17.01.2023,0 456 411 9925
1039,  Servinaz Tülin Tevetoğlu   ,ysakarya@example.net,  Antalya ,26.12.2021,01116152809
1407,Prof. Sezen Arslan Alemdar,laksu@example.com,ADANA,08.11.2022,0 059 329 7150
1934,Doç. Hilayda Arslan Demir,ulke59@example.com,Izmir,22.05.2026,00017067949
1955,Çev. Naide Tarhan Çorlu,akinalmanco@example.net,Antalya,17.03.2022,+900466275015
2022,Onuker Ulu Akçay Yorulmaz,muhammetsezgin@example.net,antalya,04-28-2026,(494) 937-5973
1667,Doğanalp Alemdar,vseven@example.org,  Istanbul ,10.12.2023,0 282 339 2188
1989,Menişan Gülen Bilir,gyilmaz@example.com,  Ankara ,bilinmiyor,05529050926
1075,Arş. Gör. Gündüzalp Örik Arslan,iertas@example.net,  Konya ,18.03.2023,02048996423
1725,Çeviköz Arıel Karadeniz Ertaş,semat76@example.net,KONYA,06.01.2022,0521690392
1591,Özlem Hançer Sezer,hayriogluuraltay@example.net,  Ankara ,20.09.2022,1171603988
1046,Tolonbay Bilge,mansizmuret@example.net,  Bursa ,03.05.2023,+907889255466
1519,Kifaye Hurican Mansız,demirelsahinbey@example.com,adana,27.08.2024,1623419031
1811,Öğr. Gülsiye Vezrife Manço,ersatakdeniz@example.org,Antalya,10-20-2022,1134843391
2044,,songurkanguclu@example.net,istanbul,25.09.2025,0 426 622 5492
1169,Dölensoy Şafak,ozertem22@example.com,ANTALYA,28.10.2021,3898331465
1780,Bayan Gülter Ömriye Arsoy Yorulmaz,bayan@,  Bursa ,02.02.2023,(067) 582-6762
1420,Öğr. Işıkay Güçyeter Akar,oymak90@example.org,ANKARA,03.01.2022,0858749511
1681,  Öğr. Nuriyet İhsanoğlu Aksu   ,ezengin@example.com,Izmir,15.07.2022,(999) 001-0898
1517,Kuddusi Çağa İhsanoğlu Türk,sahinbey15@example.com,ankara,12.02.2025,8315229107
1975,Mujde Yıldırım,samasudi@example.net,Istanbul,18.05.2026,03034383000
1079,Aysevim İhsanoğlu,tarhanseha@example.net,  Izmir ,25.03.2024,(562) 185-0163
1632,Banü Şafak Bilir,ergonul12@example.com,Bursa,03.11.2022,(596) 647-2130
1125,Sefer Kezban Akgündüz Gül,arsoyuygun@example.org,antalya,24.12.2021,06979729659
1422,  Altınbike Yılmaz Bilgin   ,sinasi24@example.org,Antalya,02.05.2024,08902851553
1506,,alemdarkayit@example.org,antalya,24.11.2025,07934065277
1223x,Mahter Çolpan Gül Türk,hayriogluemal@example.org,  Konya ,03.05.2023,7811266912
1069,Muvaffak Korutürk,isak87@example.net,  Ankara ,04.06.2025,09822587139
1783,Tuğrulhan Bilge,samanurey@example.com,  Adana ,23.03.2024,(742) 256-7871
1683,Okt. Ülke Ergül İnönü,gulaykoruturk@example.org,  Adana ,17.08.2025,0 971 705 9844
1281,Uluğbey Aslan,aralergul@example.org,Antalya,30.06.2022,(353) 310-6005
1162,Uzbay Mansız,pembesin00@example.com,  Konya ,20.08.2024,+904873928557
1895,Veis Tevetoğlu,amre65@example.net,IZMIR,20.11.2025,5398913705
1929,Pesent Susam Şensoy Zorlu,gecersiz_email,  Bursa ,21.03.2024,+902944149253
1403,Beyhatun Karadeniz,ydemir@example.org,konya,08.04.2024,00962440630
1098,Omaca Semender Aksu,gulaga41@example.net,ISTANBUL,13.10.2024,0 635 365 4195
1188,Öğr. Beyler Tarancı Eraslan,öğr.@,ANKARA,06.09.2023,(158) 148-7696
1394,Çev. Erksoy Sezer,feraslan@example.com,Izmir,10.03.2023,0 358 841 8343
1469,Baytal Yorulmaz,huban75@example.org,Bursa,27.12.2022,+909080271122
1613,Özdal Çetin,altinbike48@example.org,Bursa,06.02.2023,04488384253
1794,Belkize Şener,fseven@example.com,  Izmir ,25.12.2022,09458962683
1256,Günebakan Gülbiye Alemdar,hyilmaz@example.net,Bursa,26.02.2023,07725199663
1426,Ziyaettin Sezgin,yurttasakgunduz@example.org,ISTANBUL,07.05.2025,+902608698221
1180,Türkalp Seyfullah Karadeniz,torel10@example.org,ankara,01.07.2023,5616814721
1626,Gülgüzel Aykut Akçay Öcalan,fatigulcorluexample.com,Bursa,02.02.2023,0 919 832 1029
1305,Prof. Mihriye Burcuhan Şener,erdogansefiye@example.org,Konya,32/13/2023,01609306853
1356,Süsen Akçay Alemdar,havalieraslan@example.net,Ankara,26.10.2024,+901975466176
1896,,cindoruk90@example.net,bursa,17.12.2025,0 023 766 6969
1295,Birgül Dilfeza Çorlu,mujde31@example.net,Ankara,02.04.2023,+909931608752
1094,Nilcan Akgündüz,eskinalp62@example.net,istanbul,19.05.2026,1121965652
1041,  Çev. Yadigar İnönü   ,umutcan50@example.org,ANTALYA,06/10/2025,5459910229
1590,Koçak Ertaş,dayaraslan@example.org,  Konya ,18.08.2023,9893969874
1474,Öğr. Övün Tevetoğlu Arslan,borahanmansiz@example.org,Konya,01.11.2025,03651460401
1472,Bezek İklim Akgündüz Arsoy,ozlubilir@example.org,antalya,04.02.2024,(147) 079-8632
1503,Yepelek Manço,muret33@example.org,ANTALYA,01.08.2023,(372) 188-5666
1583,Canfeza Akdeniz,yukselzennun@example.net,Konya,03.12.2024,04482217588
1658,Dr. Goncafer Akçay Manço,yakca@example.net,  Ankara ,08.09.2022,+904963308334
1825,Deha İslime Şener Sezer,gecersiz_email,  Konya ,31.12.2025,6504607001
1253,Ecegül Aysuna İnönü Şensoy,dumanlisozer@example.net,  Istanbul ,05.02.2025,(935) 712-6611
1409,  Doç. Belgizar Akay Korutürk Türk   ,hbilge@example.com,izmir,22.09.2025,(687) 611-2491
1664,Yağın İhsanoğlu,gecersiz_email,Konya,15.10.2021,(911) 797-2699
1457,Öğr. Sunay Aksu Öcalan,zenginvildaneexample.com,KONYA,25.01.2026,02135415970
1147,  Mesude Durdu   ,cevregul62@example.net,IZMIR,03.01.2022,02796114351
1008,Aliihsan Tunahan Duran Karadeniz,corlunecmettin@example.org,adana,12.06.2023,(098) 050-0978
1997x,  Bay Zoral Oruç Sezer   ,melikkanaksu@example.net,ISTANBUL,04.09.2022,08522072019
1283,Mükramin Bilgin,ulkersagcan@example.net,ANKARA,13.07.2024,06252571509
1470,  Razı Bulunç Akça Demirel   ,cevheriinonu@example.com,Bursa,11.04.2026,03721433080
1515,,zenginesenbay@example.com,Antalya,20.11.2023,4561851744
1861,Berksay Yaman,efirat@example.com,  Ankara ,05.09.2025,(673) 979-8421
1843,  Öğr. Jaruthip Fırat Dumanlı   ,mujde62@example.org,ANKARA,22.10.2022,06851206276
1872,Enes Ülker,mehdiye04@example.org,Ankara,06-02-2023,3855451460
1589,  Burç Arsoy   ,tahir72@example.com,Bursa,13.01.2022,0 824 989 8088
1163,Şahıgül Çamurcuoğlu,berkalfirat@example.org,Bursa,30.08.2023,+906387829456
1951,Anargül Çetin Gülen,karadenizcagveren@example.net,IZMIR,04.05.2026,0 412 853 7006
1778,,mmansiz@example.org,  Antalya ,21.03.2025,+905515452607
1318,Ertün Manço,cetinadlan@exampleorg,bursa,15.02.2024,0 481 001 8418
1887,Sami Dumanlı,erincerzorlu@example.org,  Istanbul ,bilinmiyor,+909849749979
1881,,amacocalan@example.net,adana,11.02.2025,0 907 894 7672
1212,Ramadan Akça,arslanivecen@example.net,ankara,14.02.2024,05798877492
1399,Uz. Omaca Coşkun Türk,tahirsafak@example.org,adana,10.02.2023,(715) 160-2529
1995,Kırat Cavit Akgündüz Gül,ugulen@example.org,  Antalya ,30.06.2022,0 939 579 5519
1490,Öğr. Zümre Zengin Alemdar,firdevis96@example.org,  Adana ,32/13/2023,5001418842
1978,Kırat Gülen,tturk@example.net,bursa,bilinmiyor,3615276958
1550,Av. Oğurata Tüzeer Hayrioğlu,bestesoylu@example.net,bursa,12.04.2024,0264801644
1133,Örik Gül,soykutdumanli@example.org,  Izmir ,01.05.2026,0572025909
1900,Kutun Yaman,rbilir@example.com,ISTANBUL,10.02.2025,+901706901497
1800,Süheyda Bilir,qzorlu@example.org,istanbul,03.10.2025,02915854233
1665,Ünal Sezer,@domain.com,  Izmir ,26.11.2024,2853863105
1421,Sağıt Öcalan,durangulegen@example.net,BURSA,24.08.2025,5786069409
1335,Gülgen Mansız Şensoy,dkaradeniz@example.net,  Ankara ,23.07.2023,+909648253110
1870,Atanur Şahdiye Akçay Duran,oget72@example.net,ADANA,12.07.2025,05450380162
1012,Hükümdar Özalpsan Durmuş Akgündüz,vmansiz@example.org,Bursa,16.01.2026,03375433036
2017,Mujde Cihan Çorlu,secgul44@example.com,bursa,04.06.2024,+906582029702
2020,Kutun Şener,durdualtinkaya@example.net,Izmir,19.01.2026,(051) 843-9055
2012,Nevsal Hayrioğlu,nevsal@,ANTALYA,04.08.2022,0 841 459 3327
1974,  Hindal Fırat   ,abiye53@example.org,Ankara,07/04/2025,07201240254
1642,Bay Nevsal Sezgin,sezgineskinalp@example.org,ankara,06.09.2022,03936967897
1537,  Samurtay Alexandru Tevetoğlu Akar   ,munezzercorlu@example.net,Ankara,22.10.2024,8688002300
2021,Yasemen Arsoy,fbilge@example.net,ISTANBUL,04.04.2022,0 790 833 5061
1239,Ayaydın Hayrioğlu,qmanco@example.org,Adana,24.12.2022,2870320320
1949,Nurseda Fırat,ivecen06@example.com,Istanbul,32/13/2023,0 957 039 9626
1925,Müğber Bilgin,nirgul65@example.com,  Istanbul ,09.10.2021,5820163015
1662,Doç. Şükri Borataş Erdoğan,akcaygokbudun@example.org,ANTALYA,01.03.2026,(401) 918-5488
1072,Ensari Bilir,sakaryamuret@example.org,BURSA,24.08.2023,+909953428364
1927,Gürcüye Dumanlı,camokcetin@example.net,ADANA,30.05.2023,(272) 053-6499
1192,Torhan Yıldırım,imgeakgunduzexample.com,IZMIR,14.09.2024,0 532 690 9738
1028,Rezin Sezer,qarslan@example.com,  Konya ,25.06.2025,+907703482477
1850,Dr. Deniz Neşrin Fırat,zsafak@example.net,Izmir,21.04.2026,07050583534
1902,Yrd. Doç. Vefia Müjde Yıldırım,torhan05@example.com,Adana,16.06.2023,05714025038
1891,Dr. Süha Songurkan Durmuş,mancodeniz@example.com,istanbul,05-30-2026,(476) 212-3601
1182,Doç. Fetullah Dayar Yılmaz,doç.@,ANKARA,25.05.2025,4885015569
1567,Zihni Seven,denkelgul@example.com,ankara,30.05.2025,0 461 777 3264
1107,Benice Nurda Demirel Akça,gzengin@example.com,  Bursa ,03.12.2022,2209690295
1890,Dr. Kete Bilgin,sanlicamurcuoglu@example.org,Istanbul,04.06.2025,(954) 585-8356
1096,Eroğul Bilir,ihsanoglubaykan@example.com,Adana,12.12.2023,0 914 630 3161
1312,Merim Demir,ulkerakbas@example.net,  Ankara ,04.03.2024,(910) 933-7118
1965,Yilmaz Demirel,koruturkakise@example.com,  Ankara ,02.03.2026,0 252 878 3573
1808x,Uçan Yılmaz,akboga95@example.com,Adana,19.08.2022,0 391 511 4367
1584,Yrd. Doç. Meşhur Ortak Arsoy,aihsanoglu@example.net,Istanbul,11.04.2022,(961) 128-7942
1977,Mutasım Öcalan,refet60@example.org,izmir,30.03.2022,(890) 418-2805
1112,Şahinbey Kenter Alemdar,rduran@example.com,BURSA,11.04.2024,2332061632
1487,Yalazabay Akçay,saireturk@example.com,Izmir,19.10.2022,9927517588
1705,  Alsoy Satrettin Yaman Aslan   ,sezginesref@example.net,KONYA,06.04.2025,(581) 745-2735
1396x,Yrd. Doç. Ünal Sebigül Gül Gülen,pkaradeniz@example.com,antalya,11.01.2025,08249839225
1548,  Dr. Evrim Ayyaruk Gül   ,mihin44@example.org,ISTANBUL,22.11.2025,+907760299140
1066,Bay Tüzeer Ruhsat Bilgin,asirsakarya@example.com,KONYA,24.01.2023,(026) 206-7240
1668,Okt. Cindoruk Mürit Korutürk,firatcanseven@example.com,ADANA,14.12.2024,(431) 927-9761
1210,Şeyda Duran,gecersiz_email,  Ankara ,26.10.2025,(832) 538-1793
1391,Kutun Şener,durdualtinkaya@example.net,Izmir,19.01.2026,(051) 843-9055
1401,Bayan Sezen Lezize Türk,bilgedurrusehvar@example.com,Konya,01.04.2023,04091508632
1588,Mazlum Yıldırım,corlusuvari@example.org,Istanbul,26.06.2022,0 230 458 8165
1623,Rasul Serol Çamurcuoğlu Soylu,tarhanyucelen@example.net,Konya,19.11.2021,0 216 880 0537
2023,Av. Kübran Erem Yüksel Arsoy,@domain.com,istanbul,09.01.2022,(796) 373-1008
2008,  Tule Gül İhsanoğlu   ,hyaman@example.org,Izmir,18.05.2025,7163928234
1678,Ayülker Fırat,arsoytaranci@example.net,KONYA,,0 949 734 4930
1339,Gök Akar,ozdogdu19@example.net,  Ankara ,21.12.2022,5517208496
1158,  Çev. Ferahdiba Merba Yılmaz   ,firatesenturk@example.com,Antalya,11-05-2022,06634163894
1696,Altuğ Sakarya,iyuksel@example.com,ADANA,11.03.2026,0 869 087 1672
1033,Milay Akça,mufide46example.net,Ankara,30.08.2022,0 090 974 3953
1582,Öğr. İntihap Cangür İnönü,almast23@example.net,  Bursa ,09.11.2024,+908782116020
1024,Eskinalp Türk,durmussittik@example.net,  Adana ,18.02.2026,09022941318
1824,  Arş. Gör. Hürmet Nazende Şama   ,tongucakcay@example.net,  Konya ,24.11.2023,06694899300
1334,Arş. Gör. Nurser Dilşat Akar Akdeniz,hakca@example.com,BURSA,02.04.2026,+902589552963
1731,Mükrüme Avunç Bilgin,gzengin@example.net,IZMIR,16.06.2025,00598312441
1551,Emirşan Musafet Bilir,deviner67@example.net,Bursa,14.12.2021,(862) 985-7973
2041,Günar Güldünya Aslan Aslan,jakgunduz@example.org,IZMIR,25.06.2024,8065787598
1803,Sadat Gülen,solma33@example.org,Antalya,22.06.2025,7196666102
1430,Ballı Çetin,side08@example.org,  Ankara ,19.11.2021,0 303 589 2988
1231,Dr. Biltaş Dalkılıç Yıldırım,tayganertas@example.com,KONYA,18.03.2024,00700159416
1918,Savak Şener,tyorulmaz@example.org,Konya,15.03.2022,05145205802
1364,Bayan Havse Hansultan Çorlu,bilginilsu@example.net,bursa,05.03.2025,0 671 114 8375
1675,Arş. Gör. Rabbiye Nurdeniz Aksu,asalet62example.org,Istanbul,30.12.2021,03347047476
1512,Abuzar Tarhan,vcorlu@example.net,IZMIR,22.08.2022,(811) 210-3142
1010,Aru Safet Bilir Zorlu,ertan51@example.org,Konya,06.04.2023,(244) 935-3487
1897,Prof. Börteçin Durdu,nas38@example.com,Adana,17.11.2021,(662) 834-6334
1132,Çev. Ushan Eraslan,bayzettinsezer@example.com,adana,,00043973598
1592,  Gülter Seven Hayrioğlu   ,ilgidemirel@example.net,Izmir,15.01.2022,0 420 466 4896
1143,  Tuğrulhan Efser Seven Sezgin   ,ilklima17example.net,adana,,2024286990
1799,Dr. Mübetcel Pekkan Alemdar İhsanoğlu,koruturkariel@example.net,izmir,10.08.2024,00366401632
1928,  Bahaddin Tevetoğlu   ,bahaddin@,Antalya,16.06.2023,0 582 126 2643
1572,Cemalettin Türk,mansizimge@example.org,BURSA,24.08.2023,(802) 748-1242
1461,Yurdaser Akar,malemdar@example.net,KONYA,09.05.2026,+909311325326
1450,Gülcegün Çorlu İnönü,yukselalgis@example.net,KONYA,08.04.2023,(573) 066-2481
1716,Nefaret Seçgül Bilge Zorlu,yilmazhanedan@example.net,  Istanbul ,12.09.2022,(574) 670-6751
1428,Yaşattin Kuddusi Arslan Akgündüz,yukselmutasim@example.com,Ankara,03.05.2022,06032020326
1871,Öncel Ergül,ergularisoy@example.net,konya,28.01.2022,+904337953111
1193,Revza İhsanoğlu,aran09@example.com,  Ankara ,bilinmiyor,(894) 905-8077
1321,Eriş Sezgin,cidalseven@example.net,  Bursa ,25.11.2023,8721055247
1088,Rıfkıye Tevetoğlu Yaman,lsafak@example.com,  Bursa ,04.08.2024,03688767677
1349,Alanalp İlalmış Yıldırım Durdu,mucellib88@example.org,konya,10.03.2025,04589714802
1473,  Aköz Kenter Sezgin Sakarya   ,kotuzinonu@example.net,ankara,03.02.2025,(253) 765-7692
1480,Dr. Sadiye Neslinur Ülker Gülen,sezernaide@example.com,Istanbul,16.02.2023,00476816995
1566,Fehmiye Bilge Durdu,hayrioglufenni@example.net,bursa,11.11.2021,+903992052229
1865,  Sabih Duran   ,pcorlu@example.org,IZMIR,15.08.2025,0 787 570 3029
1529,Prof. Başay Ensari Çamurcuoğlu,zorlunesfe@example.net,  Antalya ,01.11.2025,07323182971
1768,Ürfettin Kısakürek,gsakarya@example.com,antalya,06.02.2024,+905397077454
1820,Aktemür Erdoğan,hansultan11@example.com,antalya,19.06.2021,0 801 990 3421
1849,Demirbüken Akınal Mansız,sakaryaummet@example.net,adana,26.01.2026,(271) 698-8371
1233,Okanay Saba Arsoy,hayriogluhasret@example.com,Adana,15.10.2023,4518376064
1755,Yrd. Doç. Altınbike İlper Çorlu,mucahitertas@example.com,istanbul,28.08.2022,6524055364
1408,Çalım Zorlu Bilge,guneriertas@examplecom,IZMIR,11.01.2025,07327819523
1860,Saydam Dumanlı,gulabdulahat@example.com,  Adana ,06.09.2025,7661366280
1998,Av. Anargül Zümre Arslan Yaman,reraslan@example.org,  Antalya ,07.08.2023,0 051 081 9484
1670,Sebigül Şener,inonuatiyye@examplenet,bursa,26.11.2022,+909670808974
1484,  Uz. Baykan Akalan Aksu   ,durdukaraer@example.net,  Antalya ,25.05.2022,(508) 018-4980
1013,  Laze Bilge   ,ocalansagit@example.com,  Konya ,08-14-2024,(655) 698-1693
1672x,,karadenizamac@example.org,Istanbul,29.05.2023,(088) 983-0574
1594,Şinasi Şener,şinasi@,KONYA,10.11.2022,+904276774625
1416,Canan Selmin Şama,kenterocalan@example.org,  Konya ,24.03.2025,(622) 925-8796
1414,Öğr. Sonad Çeviköz Zengin,gertas@example.net,Bursa,27.10.2025,0 909 617 3997
1355,Selaheddin Korutürk,oyaman@example.net,antalya,11.08.2024,03170876014
1289,Bay Basım Öcalan,sensoyozlem@example.com,Izmir,27.05.2023,09524364027
1979,,mancogunaydin@example.com,  Bursa ,19.11.2024,3118026691
2018,Sahil Akça,gunebakanbilir@example.org,IZMIR,24.07.2024,(141) 818-6151
1268,Özsözlü Türk,yamantasar@example.net,ANKARA,05.08.2023,0 203 880 6533
1557,Prof. Çakar Şama,sadittin42@example.net,Izmir,19.05.2023,06338915624
1734,Miray Bilge,miray@,Konya,30.03.2022,(430) 877-9724
1142,  Kandef Zengin   ,cagdansensoy@example.com,  Antalya ,bilinmiyor,(231) 843-2225
1619,Öğr. Kandef Aynımah Öcalan Sezer,cevalezorlu@example.com,IZMIR,19.11.2024,0 255 032 5017
1723,Doç. Tuğçe Subutiye Tevetoğlu,seventagangul@example.net,Istanbul,25.07.2021,0 892 739 6159
1196,  Öğr. Korugan Güçlü   ,cannur83@example.com,Konya,30.10.2024,0 018 569 4544
2035,Öğr. Gökçe Alabezek Durdu Akçay,ulkerbasay@example.com,BURSA,,(195) 778-2558
1700,  Öğr. İldem Tutkun Durmuş   ,durdudurmusali@example.net,ISTANBUL,29.07.2021,03534848647
1310,Ersel Vezat Yüksel Ülker,eakar@example.net,ankara,30.04.2025,0 609 310 6684
1257,Nalân Duran Türk,rkoruturk@example.net,ANTALYA,08.11.2021,7801820433
1338,Döner Akar,duranalattin@example.net,ankara,21.12.2023,+901584776863
1692,  Dr. Neval Uyanser Bilgin Gül   ,mehmetzahirgulen@example.com,ankara,21.03.2025,(625) 420-4123
1202,  Dr. Zehranur Faize Korutürk Zengin   ,beylerturk@example.net,ISTANBUL,13.02.2022,0 111 799 3136
1342,Alsoy Ünal Yılmaz,iarslan@example.com,Adana,06.08.2021,(647) 715-9103
2001,Halidun Yılmaz,gucalerdogan@example.net,Istanbul,25.09.2024,9483774029
1759,Günşen Demiryürek Tevetoğlu Fırat,nataliacorlu@example.org,istanbul,15.05.2026,+901430491341
1040,Dürrüşehvar Seven,soykan60@example.com,  Istanbul ,31.05.2024,(368) 998-0940
1930,Mehmetzahir Evrimer Mansız Duran,gulbiyeinonu@example.net,  Antalya ,19.03.2025,0 434 368 7715
1074,Çev. Deviner Gürsal Şensoy,ihsanogluaynilhayat@example.com,Istanbul,15.11.2021,4033173936
1883,  Nevsale Işın İhsanoğlu   ,sahinbey97@example.org,konya,30.06.2024,0 862 639 5612
1101,Tevs Alemdar,lerdogan@example.net,Izmir,21.09.2021,01212775618
1234,Burcuhan Hatin Hançer,gundencamurcuoglu@example.com,adana,27.07.2024,08156985700
1284,Öğr. Umuşan Harbinaz Zorlu Zengin,bilginakinal@example.net,konya,17.03.2025,+903039752450
1081,Kitan Ceyhun Yaman Çorlu,kitan@,  Antalya ,03-09-2024,(661) 839-8262
1660,Ruhide Bilgin,kanpulat77@example.com,Konya,03.01.2023,0 059 229 4115
1560,Mecide Ertaş,hayriogluturabi@example.org,antalya,12.12.2021,(421) 410-5276
1526,Zennun Sakarya,ulkersatrettin@example.org,Izmir,10.04.2022,0135462127
1514,Dr. Uyanser Rahiye Bilir,kavurtmansiz@example.net,Izmir,31.10.2023,05055605712
1862,Çakar Gökçebalan Yaman Ülker,otevetoglu@example.com,  Izmir ,29.05.2026,03636885016
1085,Öğr. Karakucak Kiramettin Ertaş,uganyildirim@example.com,IZMIR,08.12.2021,0 717 751 4010
1368,Prof. Salurbay Galip Şama,nturk@example.com,istanbul,22/03/2023,00578360914
1078,Permun Çorlu,usame79@example.org,konya,14.05.2026,06591803397
1836,İlbek Ergül,bilireraycan@example.org,Istanbul,06.05.2024,(937) 971-9000
1272,Prof. Şirivan Erdoğan Aksu,pinonu@example.net,konya,14.04.2023,(634) 669-2548
1240,Çev. Fidaye Demirel Ertaş,fdemir@example.org,adana,15.08.2023,0 926 137 1504
1453,Okt. Zeynelabidin Yıldırım,tsezgin@example.org,Ankara,16.08.2021,07675556283
2030,Zevlüde Mahter Tarhan,zulgarni93@example.net,Istanbul,08-07-2023,2900362211
2047,Öğr. Bezek Tevetoğlu Türk,@domain.com,Ankara,31.08.2022,06717565512
1392,Yrd. Doç. Yetişal Akça,goli06@example.com,antalya,08.08.2025,0 044 851 5791
,Öğr. Naz Piran Akdeniz Akar,aturk@example.com,ankara,26.12.2021,0912418621
1325,Çelem Çamurcuoğlu,karanbay83@example.net,Antalya,22.01.2026,+904683565215
1510,Yurtseven Gülen,alabezekocalan@example.net,  Antalya ,06-01-2025,03593744039
1377,Yağızkurt Yaltırak Çamurcuoğlu Akdeniz,dumanliakgunes@example.com,ANTALYA,09-23-2022,+905061853800
1419,Dilcan Solma Yaman,hayrioglusennur@example.com,ANKARA,15.07.2025,(021) 557-3257
1443,Bidayet Nalân Dumanlı İnönü,firatpaker@example.org,Adana,23.10.2025,09512397283
1988,Çev. Seydo Denizalp Çetin,akcaydeniz@example.net,ISTANBUL,14.05.2023,0 250 698 9354
1462,,merzuk64@example.com,ADANA,02.02.2025,5919457575
1437,Dr. Gülder İnönü Kısakürek,rohatakdeniz@example.net,Konya,03.11.2023,06913119642
1345,  Gülzadiye Alemdar   ,tasar72@example.net,  Istanbul ,10.12.2021,+909127113072
1637,Gülşeref Hasret Manço Aksu,safinazsezer@example.com,Ankara,19.07.2022,(618) 507-6108
2042,Aykutalp Akçay,tkoruturk@example.net,  Adana ,08-09-2022,0 209 579 0737
1477,Günden Korutürk,uzer29example.com,Istanbul,10.04.2023,7820582958
1043,Çopur Eraslan,turabi10@example.com,  Adana ,23.02.2025,+905969664160
2006,Okt. Zeynelabidin Yıldırım,tsezgin@example.org,Ankara,16.08.2021,07675556283
2025,Sağıt Öcalan,durangulegen@example.net,BURSA,24.08.2025,5786069409
1361,Seracettin Çorlu,gozemhancer@example.org,ANTALYA,01.01.2022,(893) 898-4690
1831,Yrd. Doç. Zamir Yılmaz,btevetoglu@example.net,Izmir,07.08.2024,3374570165
1456,Bağdat Neyran Mansız,meyhanim77@example.com,ANKARA,06.12.2024,0 743 127 1026
1303,Müveddet Kutgün Manço Bilge,sarginyilmaz@example.org,konya,bilinmiyor,+904910256258
1796,İbrahim Sezgin,sensoyduyguhan@example.org,Adana,28.12.2025,0 826 893 3486
1954,Ergener Sezgin,tayaydindurdu@example.com,Konya,26.05.2025,(880) 700-5102
1138,Göknur Bilir,@domain.com,konya,21.03.2022,+901397552314
1087,Mücevher Gülkadın Ertaş Demir,suzer78@example.net,IZMIR,24.12.2022,(125) 134-1252
1564,Av. Güzey Şafak Dumanlı,sgul@example.net,bursa,25/06/2023,(312) 392-0491
1261,  Bay Altuğ İhsanoğlu   ,maslan@example.com,ISTANBUL,32/13/2023,(128) 463-9855
1833,Akise Duran,tacnur23@example.net,ankara,12.02.2022,03691585574
1161,  Musaffa Ferinaz Şener   ,koruturkhenife@example.net,BURSA,09.01.2022,+900979251327
1586,Nejdet Sakarya Öcalan,zzengin@examplenet,ANKARA,06.10.2024,(496) 047-8421
1387,Burakhan Fırat,uyilmaz@example.com,ankara,23.04.2022,3503446945
1436,Neval Alemdar,yalazabay34@example.com,Konya,32/13/2023,(983) 541-1659
1314,  Özlü Vahittin Akar   ,rsoylu@example.net,adana,06.10.2025,0 390 878 8443
1224,  Jankat Akar   ,kocak96@example.org,  Bursa ,30.07.2022,(842) 711-4773
1406,Öğr. Nurey Çamurcuoğlu Duran,celikkantevetoglu@example.org,ANKARA,24.11.2021,5515888636
1241,Koldan Karaer Zengin İhsanoğlu,karadeniztopuz@example.org,Adana,,1896164236
1463,  Çev. Tan Hayrioğlu Duran   ,mucellibzengin@example.org,ADANA,17.08.2021,+905626506229
1208,Sudi Güçlü,aaslan@example.net,Izmir,22.07.2023,00686717731
1923,,lutfi06@example.net,konya,26.12.2023,(583) 744-9597
1213,Gilman Jaruthip Bilgin,sarsoy@example.org,konya,26.02.2022,9274523805
1038,Âdem Andiç Güçlü Dumanlı,gelengul91@example.com,adana,07.12.2023,0 921 249 9856
1666,Günver Ünübol Akçay,odkanli83@example.net,  Istanbul ,17.12.2024,(763) 328-3896
1598,  Dr. Bilkay Dumanlı Dumanlı   ,ninonu@example.org,BURSA,26.09.2024,01963045306
1844,Uz. Şahinder Akça Bilgin,zulbiye09@example.com,ANKARA,02.05.2024,4778045797
1654,  Örik Güçlü   ,teksoy30@example.org,Ankara,20.10.2022,+902028471901
1411,Mesude Ferinaz Durdu,@domain.com,IZMIR,17.02.2025,(588) 679-2529
1596,Selvi Alabezek İhsanoğlu Sezgin,aybet26@example.com,Izmir,09-04-2025,3659680785
1275,Arş. Gör. Soydaner Özdoğdu Durmuş,dgul@example.com,Istanbul,16.05.2025,05536668459
1486,Günden Özaslan Gülen,akartagangul@example.net,antalya,25.01.2026,0 847 169 0618
1507,  Ufukay Meryeme Arslan Şensoy   ,zseven@example.org,ISTANBUL,21.05.2025,+902214559376
2029,Arş. Gör. Sadat Bilgin,@domain.com,Adana,13.03.2026,04978879531
1495,Şehamet Türk,darsoy@example.org,Bursa,11.11.2021,0 236 428 1319
1875,Şöhret Alemdar,erensoycamurcuoglu@example.net,Adana,07.12.2024,01420259364
1539,Remazan Tezol Öcalan Durdu,duracan84@example.org,ANTALYA,27.07.2022,5561140428
1383,İsak Tevetoğlu,topuz68@example.net,ISTANBUL,12.07.2021,+907488360765
1730,Karabaş Öcalan,nesip90@example.com,  Istanbul ,16.09.2022,+900255501935
1330,  Sıla Öngen Kısakürek   ,ihsanogluyigit@example.com,adana,22.04.2026,0 768 342 0165
1184,Yrd. Doç. Tali Kısakürek,muveddetdemir@example.com,  Ankara ,09.12.2024,+900317807823
1476,Öğr. Gökçe Alabezek Durdu Akçay,ulkerbasay@example.com,BURSA,,(195) 778-2558
1532,Işıkay Gül,gulseren26@example.com,adana,24.03.2024,(807) 063-3699
1511,Peren Eraslan,firatmukramin@example.org,Bursa,10.07.2022,08841368528
1874,Doç. Fitnat Sahil Eraslan,akcaysemsettin@example.org,Izmir,25.12.2023,09951670450
1522,  Adak Öcalan   ,sacisoylu@example.com,Adana,04.07.2022,(389) 982-7802
1837,Cevheri Demirel,adviye16@example.org,ANKARA,02.05.2022,(304) 532-3167
1661,  Öğr. Aylil Fatmanur Zengin   ,telim96@example.org,  Konya ,05.08.2023,(331) 380-0498
1770,Çamok Kısakürek,koruturkgulsa@example.com,  Izmir ,30.06.2021,06636050281
1398,Dr. Nurgil Karadeniz Ertaş,dalkilickisakurek@example.org,Antalya,02.01.2023,0 355 580 9961
1906,  Aykut Zorlu   ,falemdar@example.com,ADANA,01.05.2025,0 037 676 8740
1172,  Feza Bilge   ,ybilgin@example.net,Izmir,19.04.2026,04576205554
1884,Nurser İhsanoğlu Öcalan,gecersiz_email,Konya,11.04.2023,06627633041
1630,Zeynelabidin Tayyip İhsanoğlu Seven,sadiyeyuksel@example.net,Adana,20.12.2022,00583334303
1680,Abdülhadi Arslan,uakcay@example.net,Istanbul,22.09.2021,0 156 734 4671
1810,Kuddusi Türk,akcaykibar@example.org,  Konya ,04.05.2022,5145992016
1482,Çev. Özge Oguş Sezgin İhsanoğlu,eraslanmiray@example.org,ankara,26.11.2024,06260423597
1804,Pembesin Çamurcuoğlu,sayinakcay@example.org,ADANA,31.01.2022,7590177915
1084,Hekime Hümeyra Ülker,ummuhansafak@example.com,ankara,13.10.2021,(965) 610-1438
1745,Güzey Sevdinar Zorlu,savak37@example.org,BURSA,24.05.2023,(681) 541-8589
1215,Gökçebalan Akar Gülen Mansız,aybetergul@example.org,Antalya,01-17-2023,9980562656
1501,Lüfen Arsoy,sezgingorsev@example.net,  Antalya ,11.01.2022,(964) 630-0402
1599,Okt. Yelesen Sancak Zorlu,sabamansiz@example.org,ANKARA,25.01.2023,+905244454460
1521,Özbay İvecen Yorulmaz,sfirat@example.org,Antalya,25.06.2023,+907347642737
1130,Bayan Yurtseven Korutürk Yorulmaz,@domain.com,Izmir,,0 654 722 6984
1287,Saydam Gül,oguzmankisakurek@example.com,istanbul,10.12.2022,05766656749
1815,Gülselin Oguş Soylu,sokmensakarya@example.com,  Adana ,15.10.2023,+909061682497
1645,  Öğr. Rabbiye Melaha Durdu   ,czengin@example.com,  Adana ,02.11.2025,(373) 096-4969
1055,  Emin Öcalan   ,yilmaz69@example.org,adana,bilinmiyor,+906814473947
1254,Mazlum Bedri Güçlü,aybeterdogan@example.com,ADANA,18.10.2024,0 228 277 2881
1336,Bayan İzel Fayize Yıldırım,durducogay@example.org,Konya,15.02.2025,+902091179112
1153,Yrd. Doç. Naz Arsoy Akçay,nsafak@example.com,IZMIR,01.12.2024,06322702672
1972,  Temirhan Akar   ,wbilir@example.com,ISTANBUL,29.10.2022,0 498 367 1467
2026,Ayaydın Hayrioğlu,qmanco@example.org,Adana,24.12.2022,2870320320
1549,Yazgül Tarhan Duran,bellisan33@example.org,Adana,07.09.2023,2119206136
1993x,Prof. Seyfullah Türabi Erdoğan,@domain.com,  Ankara ,10.02.2022,02964448436
1602,Barak Şensoy,zyildirim@exampleorg,konya,18.02.2026,03200186766
1980,Döner Tevetoğlu,sunerdurdu@example.com,Izmir,11.06.2021,(247) 688-3410
1782,  Şahnuray Çetin   ,eraslannasiba@example.net,  Ankara ,11.12.2023,+902394612128
1048,  Mevlüdiye Gülay Akça Bilir   ,divan33@example.org,Bursa,10.03.2022,0 270 653 7947
1251,  Miray Gülen   ,aksoyyorulmaz@example.com,konya,18.03.2025,+902673899756
1652,Nurser İnönü,mancoserma@example.org,bursa,24.08.2024,0 894 665 2752
1440,Damlanur Sezgin,ilkbaharergul@example.net,Ankara,03.12.2024,0 721 514 9409
1614,Meleknur Gülen Çamurcuoğlu,hacileyorulmaz@example.com,Adana,31.01.2023,0 908 551 0740
1326,  Doç. Tutkucan Cevale Zorlu   ,alcanzengin@example.com,  Izmir ,32/13/2023,+904596063399
1384,Mutasım Eba Durdu Yıldırım,oocalan@example.com,ISTANBUL,04-06-2023,0 978 930 7464
1990,  Abdülahat Alexandru Ülker   ,cetindolensoy@example.net,  Izmir ,08.04.2025,0 121 300 8823
1388,Hürüyet Durmuş Duran,bisarzengin@example.org,ANTALYA,05.12.2021,(203) 319-2227
1546,İnançlı Bilir,durmusdeniz@example.com,IZMIR,26.11.2021,0 840 027 3008
1197,Erik Tunçkılıç Zengin Gülen,rocalan@example.net,bursa,15.08.2022,(534) 430-0910
1195,Ziyaettin Demir,gecersiz_email,Konya,16.09.2024,03723950410
1814,,dirican47@example.com,BURSA,05.07.2022,0 389 629 8532
1134,Tanses Ümmahan Durmuş,bican58@example.org,  Bursa ,14.03.2026,0 780 157 3993
1148,Yilmaz Kayıt İhsanoğlu,pmansiz@example.net,Adana,05.11.2022,05302146566
1122,Gülenay Fildan Akça Çamurcuoğlu,oyildirim@example.org,Ankara,18.01.2025,0 001 676 1847
1067,Gençay Durdu,ihsanoglutinal@example.com,ADANA,08.09.2023,2966851612
1729,  Neriban Gülsiye Zengin   ,neraslan@example.net,Ankara,18.07.2024,0 080 192 9022
1445,Hinet Arsoy,nihaialemdar@example.com,Adana,32/13/2023,9886834527
1960,Doç. Sevsevil Süheyda Aksu,suphi34@example.org,BURSA,24.07.2024,(380) 299-0348
1819,  Ülke Arıpınar Demir Gülen   ,lazetevetoglu@example.com,Izmir,26.01.2025,04098410167
1540,Doç. Aylil Nihan Şener,ocalanuluman@example.org,Bursa,16.11.2023,+900835669106
1176,Doç. Mübetcel Bilge Ertaş,suaypgulen@example.org,  Antalya ,14.06.2024,+907038860868
1677,  Öğr. Evde Şener Ertaş   ,baksu@example.com,Ankara,04.02.2024,(185) 759-1710
1382,  Çağveren Akça   ,zorluozokcu@example.com,Ankara,08-16-2021,+908600892196
1829,Salami Yıldırım,gecersiz_email,ISTANBUL,10.07.2024,+904280218893
1379,  Çev. Türkmen Nurkan Soylu   ,wtevetoglu@example.net,ANKARA,10-26-2023,(627) 796-3044
1246,Bayan Doğannur Fitnat Akçay,zulbiyedumanli@example.com,  Bursa ,09.10.2023,+907899730806
1468,Huban Nurgil Şafak,hancerrasul@example.org,ISTANBUL,18.02.2022,7439742925
1313,Menfeat Gül,minonu@example.net,Antalya,06.01.2025,0 880 294 2409
1216,  Akyıldız Lüfen Ergül Ergül   ,ayasun81@example.org,IZMIR,19.01.2025,9610646287
1347,Arş. Gör. Saygın Sakarya Tarhan,sensoyoldag@example.org,adana,06.07.2022,03473235494
1114,Sırriye Durdu Tevetoğlu,lturk@example.com,Konya,06.06.2023,(447) 132-4754
1807,Arş. Gör. Sadat Bilgin,@domain.com,Adana,13.03.2026,04978879531
1671,Çev. Öncel Ergül Tarhan,gecersiz_email,  Ankara ,19.05.2022,+908044509286
1389,Güngördü Erdoğan,yamanfitnat@example.com,Ankara,17.07.2023,(324) 268-7741
1141,Koray Arsoy,ulkernezihi@example.net,ANTALYA,31/10/2024,+903856770051
1694,Bayan İmrihan Ömriye Güçlü Manço,keraslan@example.com,Izmir,08.06.2022,+908900346861
1852,Arş. Gör. Süzer Şehza Bilge,abdulcemalalemdar@example.org,izmir,11.06.2021,2854613087
1022,Oktüremiş Akdeniz,jankat73@example.com,ANKARA,27/05/2025,07701436349
,Günar Güldünya Aslan Aslan,jakgunduz@example.org,IZMIR,25.06.2024,8065787598
1921,,bilirtuyug@example.org,KONYA,19.03.2025,+900534728395
1864,Öğr. Seçgül Manço Şafak,necilal76@example.com,Izmir,15.07.2021,+908939129565
1181,Mümtaze Fırat,nfirat@example.net,bursa,16.06.2022,5299787729
1023,Sonnur Çağlar Fırat Ergül,jkoruturk@example.com,  Ankara ,04/03/2023,+904134352408
2002,Çağlar Şener,kockanbilir@example.net,Istanbul,26.12.2024,+900810620034
1183,İsmet Akçay,tugrulhankaradeniz@examplecom,konya,10.01.2026,03955124056
1252,Giz Çorlu,durantuzeer@example.com,Istanbul,14.01.2025,9434681054
1568,Bay Serezli Güçlüer Eraslan,meleknur79@example.net,  Ankara ,14.01.2025,9787137529
1868,  Zeyno Akçay Soylu   ,yilmazsensoy@example.com,  Konya ,05/09/2022,08348358626
,Aykutalp Akçay,tkoruturk@example.net,  Adana ,08-09-2022,0 209 579 0737
1924,Fadile Çorlu,yazganalpsener@example.org,Bursa,26.10.2021,(267) 511-9976
1737,Okt. Göknur İhsanoğlu,rifkiyebilge@example.com,  Izmir ,05.02.2025,+904728639420
1269,Özdoğdu Erdoğan,karlukhan77@example.net,Ankara,16.11.2024,+909337563620
1907,Fatigül Yıldırım,dseven@example.com,IZMIR,25.10.2021,+900656582344
1968,Birgül Emal Hayrioğlu Bilgin,akcadivan@example.net,Antalya,15.10.2021,05571663282
1179,Tayyip İnönü,akar77@example.com,  Adana ,17.02.2024,(983) 022-0502
1291,Terlan Buyrukhan Çorlu Arslan,kisakurekerenalp@example.com,Bursa,25/09/2021,00698477596
1203,Rafia Hayrioğlu,tarhanmehdiye@example.net,Izmir,05.02.2022,03902196207
ABC1204,Abdurrahman Yılmaz,cavitdemirel@example.net,ANTALYA,19.05.2024,(279) 145-6083
1940,Burç Yıldırım,eraslansilanur@example.net,IZMIR,19.08.2022,(876) 477-0906
1045,Güllühan Akçay,sevcanerdogan@example.org,Konya,04.03.2026,05814770054
1369,Banü Dumanlı,pehlilocalan@example.com,antalya,17.09.2022,0 044 058 0935
1784,Başok Bilir,pfirat@example.net,ANKARA,28.08.2024,0 479 984 6058
1600,İlbek Duran,vildane17@example.net,Istanbul,05.07.2024,06988290457
1647,,nihan65@example.com,Bursa,26.06.2023,(169) 993-9344
1200,,bguclu@example.com,Ankara,20.08.2025,(585) 174-3280
1451,  Uz. Tekbay Dağistan Şama   ,cyildirim@example.org,Adana,18.08.2025,0 213 060 9069
1298,Dr. Gabel Azize Sakarya,busra20@example.org,Bursa,25.04.2026,01764750111
1146,  Şahnuray Zilfa Seven   ,karlukhan00@example.net,  Bursa ,10.01.2024,0 368 872 5887
1118,  Bay Ülküdeş Öğet Sezgin   ,gecersiz_email,Istanbul,10.02.2022,+905842824172
1569,Uz. Bilgütay Akboğa Sezgin,yamanyurtguven@example.com,Istanbul,22.01.2025,(852) 386-0030
1031,Remazan Mücellib Yılmaz Gül,remazan@,adana,07.04.2026,1343161172
1367,İslime Bilir,samasadiman@example.net,ANKARA,02.08.2023,4267320441
1076,  Hanbiken Kısakürek   ,hanbiken@,Antalya,17.02.2026,(010) 062-3120
1011,  Ayçan Çorlu   ,rkaradeniz@example.org,Bursa,06.06.2021,2620450533
1372,Heva Mükrüme Yüksel,murit75@example.net,bursa,04-11-2026,9283692944
1007,Öğr. Sonnur Sezgin Seven,cumansakarya@example.net,Konya,32/13/2023,0 872 624 7317
1846,  Barak Erdoğan   ,gokbudunyildirim@example.org,  Konya ,14.11.2025,09671360549
1189,Yrd. Doç. Erbil Sarpkın Aksu,ekisakurek@example.com,Antalya,15.06.2022,7581724619
1410,Okt. Kırat Ülker,fehim37@example.org,Ankara,32/13/2023,0 022 840 3595
2048,  Arş. Gör. Oktüremiş Übeydullah Bilir   ,asoylu@example.com,IZMIR,27.07.2024,+907107563353
1385,Fatinur Türk,yalin99@example.com,KONYA,09/10/2025,0 620 281 2371
1758,  Soykut Çamurcuoğlu   ,gecersiz_email,Istanbul,01.02.2025,1348208493
1827,  Uz. Gülfeza Tule Gül   ,demiryadigar@example.net,ADANA,21.03.2022,(835) 999-4004
1985,,dsezgin@example.org,ADANA,07.03.2025,(960) 049-0214
1835,Talayer Şafak,sakcay@example.net,Istanbul,31.05.2024,09266937063
1787,Deniz Manço,oguratabilge@example.com,Bursa,18.09.2022,1703630944
1753,Asliye Ülker,ertasfuzuli@example.net,Bursa,,(276) 620-8082
1493,Şirivan İnönü Kısakürek,duransami@example.org,  Adana ,28.10.2025,2633556434
1245,Abid Canal Şensoy Güçlü,zsezer@example.net,KONYA,bilinmiyor,+902368314727
1219,Arş. Gör. Güneri Bilge,ugur44@example.net,adana,,0 132 833 8988
2031,Prof. Kadınana Emal Manço Bilir,yasarmanco@example.org,antalya,05.03.2026,0 535 063 7311
1478,Av. Öztek Durdu,kinelalemdar@example.net,ankara,25.05.2023,0 357 155 8686
1236,Ülke Bilgin Yıldırım,ihsanoglujaruthip@example.net,Konya,22.06.2024,(291) 086-7713
2039,Bayan Şehreban Menfeat Bilgin,ocalanmertel@example.com,konya,22.01.2024,0929735259
1229,Kaver Aysuna Hançer,osezgin@example.net,  Antalya ,16/02/2025,8468536649
1655,Doç. Feyzin Fidaye Ülker Sezgin,sonadyorulmaz@example.com,  Adana ,32/13/2023,0 924 065 8387
1004,  Otay Soylu   ,inonuaykutalp@example.org,Ankara,06.03.2022,05146270482
1943,Zekayi Bilge,kader91@example.org,  Bursa ,26.05.2023,06022169088
1225,Akdora Sakarya,karadenizbenol@example.com,Izmir,20.10.2024,0 778 485 8800
1508,Dr. Çalım İmrihan Hançer,burcuhansensoy@example.org,  Konya ,27.03.2023,05725659202
1044,Gilman Sezgin,skaradeniz@example.com,ANKARA,08.11.2021,0 188 355 2312
1933,Nurbanu Nebiha Durmuş Yıldırım,divan94@example.com,Bursa,,07146971479
1809,Uz. Cuheyna Algış Soylu,durmusazize@example.org,  Izmir ,21.08.2021,(269) 331-5423
1898,Öğr. Erkan Dinçkol Güçlü,degmeer86@example.com,  Ankara ,04.12.2025,+905507435095
1466,Sultane Çetin,hurmet59@example.com,IZMIR,26.11.2024,0 629 518 7794
1108,Dr. Selâtin Ağmur İhsanoğlu,vmanco@example.net,  Antalya ,20.10.2021,0676267658
1167,  Güzey Günar Akdeniz   ,alaaddin48@example.net,  Izmir ,12.03.2024,0 969 315 7279
1337,Kadınana Gülay Çorlu,soyluyigit@example.org,Izmir,14.05.2023,00155799802
1429,Aksoy Durdu,@domain.com,Antalya,22.07.2024,05245787158
1307,Hüryaşar Abdurrahman Mansız,tsama@example.com,Konya,12.12.2021,+900243765456
1631,Aslanhan Demirel,@domain.com,Antalya,21.07.2021,(365) 974-6698
1344,,csener@example.net,KONYA,09.01.2022,(703) 037-6371
1580,Özokçu Demir,dumanlimujde@example.com,Antalya,29.09.2024,3152049980
1593,Öğr. Revza Ayyaruk Hayrioğlu,keraslan@exampleorg,ANKARA,07.07.2025,(890) 623-5466
1873,Sittik Bilgin,coskun17@example.net,izmir,03.12.2025,+903746121575
1340,Şehreban Yurtseven Ergül,hyildirim@example.org,ADANA,17.06.2025,0 505 379 5381
1710,Işıkay Yılmaz,sevenduracan@example.net,  Konya ,06.12.2022,(564) 952-5492
1615,Elnur Ayşan Akça Çorlu,ertasferinaz@example.com,IZMIR,20.11.2021,+901201227595
1479,Yrd. Doç. Hudavent Çamok Seven,bilginsafura@example.net,  Antalya ,06.09.2023,+900004132114
1709,Okt. Çelikkan Sakarya,bahtinurulker@example.org,ANTALYA,21.05.2023,8494771290
1712,Rana Eraslan Bilge,erguldemirbuken@example.org,ISTANBUL,19.05.2026,+909860372186
1488,Ergener Şener,salurbay49@example.net,konya,21.07.2022,0 924 358 8537
1684,,kirat67@example.org,izmir,11.01.2024,0 193 978 1459
1194,Yrd. Doç. Müret Seven Ergül,seyithan20@example.net,ADANA,11.01.2026,02814429444
1350,Av. Gürten Esna Ergül,pyildirim@example.net,istanbul,12.02.2025,+905569644309
1071,Nursim Seniha Bilge Çamurcuoğlu,fkisakurek@example.net,ANKARA,27.03.2026,+903752431069
1805,Tenvir Hançer,unek14@example.com,ISTANBUL,19.07.2021,8637263199
1207,Uz. Nürice Nurda Yaman Ertaş,refetergul@example.com,ISTANBUL,04.06.2022,0 292 983 1687
1931,Prof. Özdeş Gökperi Akça,sadimanyilmaz@example.net,Adana,28.09.2022,+901154773494
1656,Özertem Tarhan,jsener@example.com,Ankara,11.12.2023,3733791212
1206,  Arş. Gör. Divan Erdoğan Akçay   ,imgedumanli@example.net,IZMIR,24.04.2024,(317) 970-6239
2000,Prof. Ümmahan Esmanperi Akdeniz,bilgeneriban@example.org,  Adana ,08.10.2025,03045441061
1201,Gülfari Hançer Sezer,gakcay@example.net,  Izmir ,09.11.2024,+900050506138
1353,Yrd. Doç. Merzuk Tarhan,melul23@example.com,IZMIR,02.02.2022,7567667080
1433,Yazgül Cihan Öcalan,qbilgin@example.com,  Konya ,27.11.2022,2743811995
1056,Bayruhan Yaman,dumanlihazrat@examplenet,KONYA,22.08.2023,3705895782
1880,Behiza Zehranur Demirel,niyazicetin@example.com,BURSA,14.02.2024,+906018422013
1573,Aybora Fenni Yıldırım Çetin,hsener@example.org,antalya,32/13/2023,1039952970
1856,Işıkay Sezer,cemiyle36@example.org,  Konya ,23.03.2025,08026589347
1839,  Arş. Gör. Atnan Alemdar   ,canseven80@example.com,istanbul,21.09.2024,+905322371859
1520,Kırgız Sakarya,kirat72@example.org,Istanbul,13.01.2025,+907746040672
1244,İlper Çorlu,demirsidar@example.com,Bursa,24.04.2022,02194168006
1059,Menişan Süner Yüksel,dhancer@example.org,Bursa,09.11.2024,(881) 537-1473
1149,Rabih Yılmaz,camurcuoglucelilay@example.net,BURSA,01.11.2022,4518489476
1695,Günebakan Yorulmaz Güçlü,mancohatin@example.com,ANKARA,28.08.2023,06890057795
1674,İlsu Dumanlı,@domain.com,istanbul,05.12.2023,+904429906745
1601,Şabettin Güçlü,şabettin@,izmir,02-06-2022,0 839 728 3391
1531,,durangalip@example.net,Bursa,02.10.2024,0090043655
1009,Bay Oruç Çorlu,berentevetoglu@example.org,IZMIR,15.10.2024,03462475107
1994,Arş. Gör. Dilhuş Divan Erdoğan,monis30@example.com,Konya,13.09.2022,0 591 204 6372
1378,Uz. Songurkan Karataş Bilge,tansesakar@example.com,Ankara,06.10.2023,0 496 935 7824
2027,  Bayan Güngören Kısakürek Durmuş   ,abdurrahmanyildirim@example.com,Istanbul,13.02.2024,3410406291
1352,  Çev. Afife Şafak Ergül   ,yorulmazonuker@example.org,ADANA,01.03.2023,(536) 661-4494
1618,Şilan Canan Bilgin,nurdeniz92@example.net,ISTANBUL,18.03.2023,00069680186
1633,Av. Kübran Erem Yüksel Arsoy,@domain.com,istanbul,09.01.2022,(796) 373-1008
1962,  Duruöz Kırat Çetin   ,babatevetoglu@example.org,Izmir,01.01.2025,0 475 690 0184
1302,Sahil Akça,gunebakanbilir@example.org,IZMIR,24.07.2024,(141) 818-6151
1299,  Odkanlı Tiğin Ülker Çamurcuoğlu   ,alattinzengin@example.net,konya,08.05.2026,+908887189813
1638,Bayan Umuşan Güldünya Kısakürek Tevetoğlu,hcetin@example.net,Bursa,13.06.2025,0 176 484 6735
1733,Okt. Canur İmge Yaman Akçay,edumanli@example.net,Adana,23.07.2022,0 617 300 9928
,Doç. Bahittin Ertaş,xsener@example.org,ANTALYA,21.01.2023,2173402422
1639,Prof. Kadınana Emal Manço Bilir,yasarmanco@example.org,antalya,05.03.2026,0 535 063 7311
1262,Sernur Aslan,simberhayrioglu@example.com,  Istanbul ,19.06.2022,(180) 715-6956
1124,Bay Abid Ufukay Çorlu,karadenizmaynur@example.net,Konya,19.11.2023,+905561100225
1091,Egenur Sezer,omacamanco@example.net,Izmir,09.01.2023,07759017518
1282,Uraltay Ülker,bilgindanis@example.net,  Antalya ,02.04.2022,0 315 520 6506
1498,  Yaşar Ertaş Şensoy   ,neptun96@example.com,Ankara,12.01.2024,+906664505730
1381,Talayer Duran,akcaincifir@example.org,ISTANBUL,05.06.2025,0 425 563 8300
1911,Avşin Duran,ckisakurek@example.com,Bursa,02.11.2023,(594) 410-2387
1986,Mecide Birben Akça,turkmen96@example.com,ANTALYA,23.10.2022,(353) 004-9992
1863,Öğr. Koçkan Akçay,kamarsafak@example.com,Antalya,03.08.2023,(935) 981-2559
1728,Değer Sezer,nefiyebilgin@example.org,ANKARA,22.09.2023,00266765272
1525,Öğr. Büşranur Narhanim İhsanoğlu Yüksel,@domain.com,konya,05.02.2024,3940655782
2043,Doğanalp Alemdar,vseven@example.org,  Istanbul ,10.12.2023,0 282 339 2188
1259,  Gülbani Yıldırım   ,hancerozalpsan@example.org,  Bursa ,bilinmiyor,06140578617
1397,Aybora Gökçil Çetin,ugurtanertas@example.com,Izmir,29.03.2022,+905072517863
1139,Dayar Hayrioğlu,vdumanli@examplenet,konya,16.09.2024,05777547812
1026,Atiyye Hansultan Arslan,zulfuye71@example.net,  Konya ,31.07.2022,(947) 174-6488
1211,  Okt. Huzuri Ertuncay Zorlu   ,daslan@example.org,  Konya ,12.04.2023,0 241 124 1272
1222,Risalet Bilir,seleraksu@example.net,Bursa,07.06.2021,+903615171827
1395,Çev. Atanur Divan Fırat Ülker,cananyaman@example.com,antalya,32/13/2023,(254) 278-2079
